Area,Area Id,Variable Name,Variable Id,Year,Value,Symbol,Md
Afghanistan,2,Agricultural water withdrawal as % of total renewable water resources,4273,1987,39.57,K,
Afghanistan,2,Agricultural water withdrawal as % of total renewable water resources,4273,1998,30.61,K,
Albania,3,Agricultural water withdrawal as % of total renewable water resources,4273,1990,3.311,I,
Albania,3,Agricultural water withdrawal as % of total renewable water resources,4273,1995,2.219,I,
Albania,3,Agricultural water withdrawal as % of total renewable water resources,4273,2000,3.51,I,
Albania,3,Agricultural water withdrawal as % of total renewable water resources,4273,2006,1.714,I,
Algeria,4,Agricultural water withdrawal as % of total renewable water resources,4273,1980,19.02,I,
Algeria,4,Agricultural water withdrawal as % of total renewable water resources,4273,1990,23.14,I,
Algeria,4,Agricultural water withdrawal as % of total renewable water resources,4273,2001,30.01,I,
Algeria,4,Agricultural water withdrawal as % of total renewable water resources,4273,2012,42.76,I,
Algeria,4,Agricultural water withdrawal as % of total renewable water resources,4273,2016,54.84,I,
Angola,7,Agricultural water withdrawal as % of total renewable water resources,4273,1987,0.246,I,
Angola,7,Agricultural water withdrawal as % of total renewable water resources,4273,2000,0.1415,I,
Angola,7,Agricultural water withdrawal as % of total renewable water resources,4273,2005,0.0989,I,
Antigua and Barbuda,8,Agricultural water withdrawal as % of total renewable water resources,4273,1990,1.923,,
Antigua and Barbuda,8,Agricultural water withdrawal as % of total renewable water resources,4273,1997,2.5,I,
Antigua and Barbuda,8,Agricultural water withdrawal as % of total renewable water resources,4273,2005,2.5,I,
Antigua and Barbuda,8,Agricultural water withdrawal as % of total renewable water resources,4273,2012,3.462,,
Argentina,9,Agricultural water withdrawal as % of total renewable water resources,4273,1995,2.456,,
Argentina,9,Agricultural water withdrawal as % of total renewable water resources,4273,2000,2.456,I,
Argentina,9,Agricultural water withdrawal as % of total renewable water resources,4273,2011,3.188,,
Armenia,1,Agricultural water withdrawal as % of total renewable water resources,4273,1995,24.97,I,
Armenia,1,Agricultural water withdrawal as % of total renewable water resources,4273,2002,14.67,I,
Armenia,1,Agricultural water withdrawal as % of total renewable water resources,4273,2007,24.33,I,
Armenia,1,Agricultural water withdrawal as % of total renewable water resources,4273,2012,33.43,I,
Armenia,1,Agricultural water withdrawal as % of total renewable water resources,4273,2017,30.63,I,
Australia,10,Agricultural water withdrawal as % of total renewable water resources,4273,1996,3.15,K,
Australia,10,Agricultural water withdrawal as % of total renewable water resources,4273,2001,3.055,,
Australia,10,Agricultural water withdrawal as % of total renewable water resources,4273,2005,2.488,,
Australia,10,Agricultural water withdrawal as % of total renewable water resources,4273,2012,1.949,,
Australia,10,Agricultural water withdrawal as % of total renewable water resources,4273,2016,1.952,,
Austria,11,Agricultural water withdrawal as % of total renewable water resources,4273,1980,0.1158,K,
Austria,11,Agricultural water withdrawal as % of total renewable water resources,4273,1985,0.2574,K,
Austria,11,Agricultural water withdrawal as % of total renewable water resources,4273,1990,0.1287,K,
Austria,11,Agricultural water withdrawal as % of total renewable water resources,4273,1997,0.1287,K,
Austria,11,Agricultural water withdrawal as % of total renewable water resources,4273,2002,0.1287,K,
Austria,11,Agricultural water withdrawal as % of total renewable water resources,4273,2010,0.0992,K,
Azerbaijan,52,Agricultural water withdrawal as % of total renewable water resources,4273,1992,31.52,I,
Azerbaijan,52,Agricultural water withdrawal as % of total renewable water resources,4273,1997,26.68,I,
Azerbaijan,52,Agricultural water withdrawal as % of total renewable water resources,4273,2002,18.39,I,
Azerbaijan,52,Agricultural water withdrawal as % of total renewable water resources,4273,2007,24.74,I,
Azerbaijan,52,Agricultural water withdrawal as % of total renewable water resources,4273,2012,25.63,I,
Azerbaijan,52,Agricultural water withdrawal as % of total renewable water resources,4273,2017,26.73,I,
Bahrain,13,Agricultural water withdrawal as % of total renewable water resources,4273,1990,116.4,,
Bahrain,13,Agricultural water withdrawal as % of total renewable water resources,4273,2000,146.6,I,
Bahrain,13,Agricultural water withdrawal as % of total renewable water resources,4273,2003,137.2,,
Bahrain,13,Agricultural water withdrawal as % of total renewable water resources,4273,2016,124.7,,
Bangladesh,16,Agricultural water withdrawal as % of total renewable water resources,4273,2008,2.567,I,
Barbados,14,Agricultural water withdrawal as % of total renewable water resources,4273,1989,68.5,I,
Barbados,14,Agricultural water withdrawal as % of total renewable water resources,4273,1996,68.5,I,
Barbados,14,Agricultural water withdrawal as % of total renewable water resources,4273,2005,68.5,I,
Belarus,57,Agricultural water withdrawal as % of total renewable water resources,4273,1995,0.981,I,
Belarus,57,Agricultural water withdrawal as % of total renewable water resources,4273,2000,0.7634,I,
Belarus,57,Agricultural water withdrawal as % of total renewable water resources,4273,2005,0.7064,I,
Belarus,57,Agricultural water withdrawal as % of total renewable water resources,4273,2010,0.8135,I,
Belarus,57,Agricultural water withdrawal as % of total renewable water resources,4273,2016,0.7392,I,
Belgium,255,Agricultural water withdrawal as % of total renewable water resources,4273,1980,1.974,I,
Belgium,255,Agricultural water withdrawal as % of total renewable water resources,4273,1997,0.0874,K,
Belgium,255,Agricultural water withdrawal as % of total renewable water resources,4273,2002,0.2087,K,
Belgium,255,Agricultural water withdrawal as % of total renewable water resources,4273,2007,0.2016,K,
Belgium,255,Agricultural water withdrawal as % of total renewable water resources,4273,2009,0.2197,K,
Belize,23,Agricultural water withdrawal as % of total renewable water resources,4273,1987,0.0828,,
Belize,23,Agricultural water withdrawal as % of total renewable water resources,4273,1990,0.0874,I,
Belize,23,Agricultural water withdrawal as % of total renewable water resources,4273,1993,0.092,,
Belize,23,Agricultural water withdrawal as % of total renewable water resources,4273,2000,0.3148,I,
Benin,53,Agricultural water withdrawal as % of total renewable water resources,4273,1985,0.2425,I,
Benin,53,Agricultural water withdrawal as % of total renewable water resources,4273,1990,0.3119,I,
Benin,53,Agricultural water withdrawal as % of total renewable water resources,4273,1994,0.3676,I,
Benin,53,Agricultural water withdrawal as % of total renewable water resources,4273,2001,0.2236,I,
Bhutan,18,Agricultural water withdrawal as % of total renewable water resources,4273,2008,0.4077,I,
Bolivia (Plurinational State of),19,Agricultural water withdrawal as % of total renewable water resources,4273,1987,0.1836,,
Bolivia (Plurinational State of),19,Agricultural water withdrawal as % of total renewable water resources,4273,1999,0.3096,I,
Bolivia (Plurinational State of),19,Agricultural water withdrawal as % of total renewable water resources,4273,2008,0.3345,I,
Botswana,20,Agricultural water withdrawal as % of total renewable water resources,4273,1992,0.4412,I,
Botswana,20,Agricultural water withdrawal as % of total renewable water resources,4273,1995,0.5212,I,
Botswana,20,Agricultural water withdrawal as % of total renewable water resources,4273,2000,0.6536,I,
Botswana,20,Agricultural water withdrawal as % of total renewable water resources,4273,2012,0.607,I,
Botswana,20,Agricultural water withdrawal as % of total renewable water resources,4273,2016,0.6618,I,
Brazil,21,Agricultural water withdrawal as % of total renewable water resources,4273,1996,0.3866,,
Brazil,21,Agricultural water withdrawal as % of total renewable water resources,4273,2006,0.3666,,
Brazil,21,Agricultural water withdrawal as % of total renewable water resources,4273,2010,0.5193,,
Brazil,21,Agricultural water withdrawal as % of total renewable water resources,4273,2016,0.4095,,
Brunei Darussalam,26,Agricultural water withdrawal as % of total renewable water resources,4273,1995,0.0624,I,
Bulgaria,27,Agricultural water withdrawal as % of total renewable water resources,4273,1990,10.45,I,
Bulgaria,27,Agricultural water withdrawal as % of total renewable water resources,4273,2002,3.488,K,
Bulgaria,27,Agricultural water withdrawal as % of total renewable water resources,4273,2006,4.112,K,
Bulgaria,27,Agricultural water withdrawal as % of total renewable water resources,4273,2012,4.457,I,
Bulgaria,27,Agricultural water withdrawal as % of total renewable water resources,4273,2015,3.891,I,
Burkina Faso,233,Agricultural water withdrawal as % of total renewable water resources,4273,1985,1.704,I,
Burkina Faso,233,Agricultural water withdrawal as % of total renewable water resources,4273,1992,2.244,I,
Burkina Faso,233,Agricultural water withdrawal as % of total renewable water resources,4273,2001,3.116,I,
Burkina Faso,233,Agricultural water withdrawal as % of total renewable water resources,4273,2005,3.116,I,
Burundi,29,Agricultural water withdrawal as % of total renewable water resources,4273,1987,0.5104,I,
Burundi,29,Agricultural water withdrawal as % of total renewable water resources,4273,2000,1.77,I,
Cabo Verde,35,Agricultural water withdrawal as % of total renewable water resources,4273,1990,7.333,,
Cabo Verde,35,Agricultural water withdrawal as % of total renewable water resources,4273,2000,6.667,I,
Cabo Verde,35,Agricultural water withdrawal as % of total renewable water resources,4273,2004,8.333,I,
Cambodia,115,Agricultural water withdrawal as % of total renewable water resources,4273,2006,0.4312,I,
Cameroon,32,Agricultural water withdrawal as % of total renewable water resources,4273,1987,0.0495,I,
Cameroon,32,Agricultural water withdrawal as % of total renewable water resources,4273,1992,0.0495,I,
Cameroon,32,Agricultural water withdrawal as % of total renewable water resources,4273,2000,0.2603,I,
Canada,33,Agricultural water withdrawal as % of total renewable water resources,4273,1991,0.1375,K,
Canada,33,Agricultural water withdrawal as % of total renewable water resources,4273,1996,0.1414,K,
Canada,33,Agricultural water withdrawal as % of total renewable water resources,4273,2007,0.08,K,
Canada,33,Agricultural water withdrawal as % of total renewable water resources,4273,2010,0.1636,I,
Canada,33,Agricultural water withdrawal as % of total renewable water resources,4273,2015,0.0909,I,
Central African Republic,37,Agricultural water withdrawal as % of total renewable water resources,4273,1987,3.00E-04,I,
Central African Republic,37,Agricultural water withdrawal as % of total renewable water resources,4273,2000,3.00E-04,I,
Central African Republic,37,Agricultural water withdrawal as % of total renewable water resources,4273,2005,3.00E-04,I,
Chad,39,Agricultural water withdrawal as % of total renewable water resources,4273,1987,0.3239,I,
Chad,39,Agricultural water withdrawal as % of total renewable water resources,4273,2002,1.471,I,
Chad,39,Agricultural water withdrawal as % of total renewable water resources,4273,2005,1.471,I,
Chile,40,Agricultural water withdrawal as % of total renewable water resources,4273,1992,1.84,,
Chile,40,Agricultural water withdrawal as % of total renewable water resources,4273,2006,3.187,,
China,351,Agricultural water withdrawal as % of total renewable water resources,4273,1980,13.77,I,
China,351,Agricultural water withdrawal as % of total renewable water resources,4273,1985,14.62,I,
China,351,Agricultural water withdrawal as % of total renewable water resources,4273,1990,14.61,I,
China,351,Agricultural water withdrawal as % of total renewable water resources,4273,1993,14.36,I,
China,351,Agricultural water withdrawal as % of total renewable water resources,4273,2000,13.32,I,
China,351,Agricultural water withdrawal as % of total renewable water resources,4273,2007,12.68,I,
China,351,Agricultural water withdrawal as % of total renewable water resources,4273,2012,13.66,I,
China,351,Agricultural water withdrawal as % of total renewable water resources,4273,2015,13.56,I,
Colombia,44,Agricultural water withdrawal as % of total renewable water resources,4273,1996,0.15,,
Colombia,44,Agricultural water withdrawal as % of total renewable water resources,4273,2000,0.2085,I,
Colombia,44,Agricultural water withdrawal as % of total renewable water resources,4273,2008,0.2708,I,
Comoros,45,Agricultural water withdrawal as % of total renewable water resources,4273,1999,0.3917,,
Congo,46,Agricultural water withdrawal as % of total renewable water resources,4273,1987,5.00E-04,I,
Congo,46,Agricultural water withdrawal as % of total renewable water resources,4273,2002,5.00E-04,I,
Costa Rica,48,Agricultural water withdrawal as % of total renewable water resources,4273,2012,1.481,,
Costa Rica,48,Agricultural water withdrawal as % of total renewable water resources,4273,2015,2.037,,
Côte d'Ivoire,107,Agricultural water withdrawal as % of total renewable water resources,4273,1987,0.5645,I,
Côte d'Ivoire,107,Agricultural water withdrawal as % of total renewable water resources,4273,1994,0.9508,I,
Côte d'Ivoire,107,Agricultural water withdrawal as % of total renewable water resources,4273,2000,0.7131,I,
Côte d'Ivoire,107,Agricultural water withdrawal as % of total renewable water resources,4273,2005,0.7075,I,
Côte d'Ivoire,107,Agricultural water withdrawal as % of total renewable water resources,4273,2008,0.7075,I,
Côte d'Ivoire,107,Agricultural water withdrawal as % of total renewable water resources,4273,2014,0.7131,I,
Croatia,98,Agricultural water withdrawal as % of total renewable water resources,4273,2002,0.0056,I,
Croatia,98,Agricultural water withdrawal as % of total renewable water resources,4273,2007,0.003,K,
Croatia,98,Agricultural water withdrawal as % of total renewable water resources,4273,2010,0.0082,I,
Cuba,49,Agricultural water withdrawal as % of total renewable water resources,4273,1995,6.994,I,
Cuba,49,Agricultural water withdrawal as % of total renewable water resources,4273,2007,6.495,I,
Cuba,49,Agricultural water withdrawal as % of total renewable water resources,4273,2010,9.363,I,
Cuba,49,Agricultural water withdrawal as % of total renewable water resources,4273,2013,11.85,I,
Cyprus,50,Agricultural water withdrawal as % of total renewable water resources,4273,1975,16.67,I,
Cyprus,50,Agricultural water withdrawal as % of total renewable water resources,4273,1980,17.95,I,
Cyprus,50,Agricultural water withdrawal as % of total renewable water resources,4273,1985,19.87,I,
Cyprus,50,Agricultural water withdrawal as % of total renewable water resources,4273,1990,21.28,I,
Cyprus,50,Agricultural water withdrawal as % of total renewable water resources,4273,1993,20,I,
Cyprus,50,Agricultural water withdrawal as % of total renewable water resources,4273,2002,20.59,K,
Cyprus,50,Agricultural water withdrawal as % of total renewable water resources,4273,2007,18.33,K,
Cyprus,50,Agricultural water withdrawal as % of total renewable water resources,4273,2012,21.92,K,
Cyprus,50,Agricultural water withdrawal as % of total renewable water resources,4273,2016,25.64,I,
Czechia,167,Agricultural water withdrawal as % of total renewable water resources,4273,1997,0.1521,K,
Czechia,167,Agricultural water withdrawal as % of total renewable water resources,4273,2002,0.1422,K,
Czechia,167,Agricultural water withdrawal as % of total renewable water resources,4273,2007,0.2266,K,
Czechia,167,Agricultural water withdrawal as % of total renewable water resources,4273,2012,0.3285,K,
Czechia,167,Agricultural water withdrawal as % of total renewable water resources,4273,2016,0.3612,I,
Democratic People's Republic of Korea,116,Agricultural water withdrawal as % of total renewable water resources,4273,1995,8.568,I,
Democratic People's Republic of Korea,116,Agricultural water withdrawal as % of total renewable water resources,4273,2005,8.568,I,
Democratic Republic of the Congo,250,Agricultural water withdrawal as % of total renewable water resources,4273,1995,0.0065,I,
Democratic Republic of the Congo,250,Agricultural water withdrawal as % of total renewable water resources,4273,2000,0.0056,I,
Democratic Republic of the Congo,250,Agricultural water withdrawal as % of total renewable water resources,4273,2005,0.0056,I,
Denmark,54,Agricultural water withdrawal as % of total renewable water resources,4273,1970,3,K,
Denmark,54,Agricultural water withdrawal as % of total renewable water resources,4273,1975,7.667,K,
Denmark,54,Agricultural water withdrawal as % of total renewable water resources,4273,1980,7.667,K,
Denmark,54,Agricultural water withdrawal as % of total renewable water resources,4273,1985,11.67,K,
Denmark,54,Agricultural water withdrawal as % of total renewable water resources,4273,1990,7.75,K,
Denmark,54,Agricultural water withdrawal as % of total renewable water resources,4273,1997,6.15,K,
Denmark,54,Agricultural water withdrawal as % of total renewable water resources,4273,2002,2.753,K,
Denmark,54,Agricultural water withdrawal as % of total renewable water resources,4273,2007,1.958,K,
Denmark,54,Agricultural water withdrawal as % of total renewable water resources,4273,2012,2.733,K,
Djibouti,72,Agricultural water withdrawal as % of total renewable water resources,4273,1985,2.333,I,
Djibouti,72,Agricultural water withdrawal as % of total renewable water resources,4273,2000,1,I,
Dominica,55,Agricultural water withdrawal as % of total renewable water resources,4273,2010,0.5,I,
Dominican Republic,56,Agricultural water withdrawal as % of total renewable water resources,4273,1994,35,,
Dominican Republic,56,Agricultural water withdrawal as % of total renewable water resources,4273,2000,17.87,I,
Dominican Republic,56,Agricultural water withdrawal as % of total renewable water resources,4273,2005,19.09,I,
Dominican Republic,56,Agricultural water withdrawal as % of total renewable water resources,4273,2010,24.32,I,
Dominican Republic,56,Agricultural water withdrawal as % of total renewable water resources,4273,2015,32.18,I,
Ecuador,58,Agricultural water withdrawal as % of total renewable water resources,4273,2000,1.825,I,
Ecuador,58,Agricultural water withdrawal as % of total renewable water resources,4273,2005,1.825,I,
Egypt,59,Agricultural water withdrawal as % of total renewable water resources,4273,1995,88.19,I,
Egypt,59,Agricultural water withdrawal as % of total renewable water resources,4273,2000,102.6,,
Egypt,59,Agricultural water withdrawal as % of total renewable water resources,4273,2012,107,,
Egypt,59,Agricultural water withdrawal as % of total renewable water resources,4273,2017,106.7,,
El Salvador,60,Agricultural water withdrawal as % of total renewable water resources,4273,1992,1.279,,
El Salvador,60,Agricultural water withdrawal as % of total renewable water resources,4273,2000,2.893,I,
El Salvador,60,Agricultural water withdrawal as % of total renewable water resources,4273,2005,5.447,,
Equatorial Guinea,61,Agricultural water withdrawal as % of total renewable water resources,4273,1987,0.0023,I,
Equatorial Guinea,61,Agricultural water withdrawal as % of total renewable water resources,4273,2000,0.0038,I,
Eritrea,178,Agricultural water withdrawal as % of total renewable water resources,4273,2000,3.964,I,
Eritrea,178,Agricultural water withdrawal as % of total renewable water resources,4273,2004,7.519,I,
Estonia,63,Agricultural water withdrawal as % of total renewable water resources,4273,1995,0.0625,I,
Estonia,63,Agricultural water withdrawal as % of total renewable water resources,4273,2002,0.2342,K,
Estonia,63,Agricultural water withdrawal as % of total renewable water resources,4273,2007,0.0593,K,
Estonia,63,Agricultural water withdrawal as % of total renewable water resources,4273,2012,0.0351,K,
Estonia,63,Agricultural water withdrawal as % of total renewable water resources,4273,2014,0.039,I,
Eswatini,209,Agricultural water withdrawal as % of total renewable water resources,4273,1980,13.97,I,
Eswatini,209,Agricultural water withdrawal as % of total renewable water resources,4273,2000,22.31,I,
Ethiopia,238,Agricultural water withdrawal as % of total renewable water resources,4273,2002,4.266,I,
Ethiopia,238,Agricultural water withdrawal as % of total renewable water resources,4273,2005,5.738,I,
Ethiopia,238,Agricultural water withdrawal as % of total renewable water resources,4273,2016,7.94,K,
Fiji,66,Agricultural water withdrawal as % of total renewable water resources,4273,1987,0.063,K,
Fiji,66,Agricultural water withdrawal as % of total renewable water resources,4273,2000,0.1751,K,
Fiji,66,Agricultural water withdrawal as % of total renewable water resources,4273,2005,0.1751,K,
Finland,67,Agricultural water withdrawal as % of total renewable water resources,4273,1990,0.0182,K,
Finland,67,Agricultural water withdrawal as % of total renewable water resources,4273,1995,0.0455,K,
Finland,67,Agricultural water withdrawal as % of total renewable water resources,4273,2002,0.0455,K,
Finland,67,Agricultural water withdrawal as % of total renewable water resources,4273,2005,0.0455,K,
France,68,Agricultural water withdrawal as % of total renewable water resources,4273,1992,2.331,K,
France,68,Agricultural water withdrawal as % of total renewable water resources,4273,1997,1.588,K,
France,68,Agricultural water withdrawal as % of total renewable water resources,4273,2002,2.034,K,
France,68,Agricultural water withdrawal as % of total renewable water resources,4273,2007,1.864,K,
France,68,Agricultural water withdrawal as % of total renewable water resources,4273,2012,1.381,I,
France,68,Agricultural water withdrawal as % of total renewable water resources,4273,2016,1.474,I,
Gabon,74,Agricultural water withdrawal as % of total renewable water resources,4273,1987,0.0022,I,
Gabon,74,Agricultural water withdrawal as % of total renewable water resources,4273,2000,0.0243,I,
Gabon,74,Agricultural water withdrawal as % of total renewable water resources,4273,2005,0.0243,I,
Gambia,75,Agricultural water withdrawal as % of total renewable water resources,4273,1982,0.2275,I,
Gambia,75,Agricultural water withdrawal as % of total renewable water resources,4273,1999,0.49,I,
Georgia,73,Agricultural water withdrawal as % of total renewable water resources,4273,2005,1.666,I,
Germany,79,Agricultural water withdrawal as % of total renewable water resources,4273,1991,1.039,K,
Germany,79,Agricultural water withdrawal as % of total renewable water resources,4273,1995,1.039,I,
Germany,79,Agricultural water withdrawal as % of total renewable water resources,4273,2000,0.7403,K,
Germany,79,Agricultural water withdrawal as % of total renewable water resources,4273,2007,0.0855,K,
Germany,79,Agricultural water withdrawal as % of total renewable water resources,4273,2010,0.1369,K,
Germany,79,Agricultural water withdrawal as % of total renewable water resources,4273,2013,0.3877,I,
Ghana,81,Agricultural water withdrawal as % of total renewable water resources,4273,1970,0.2776,I,
Ghana,81,Agricultural water withdrawal as % of total renewable water resources,4273,2000,1.16,I,
Ghana,81,Agricultural water withdrawal as % of total renewable water resources,4273,2016,1.904,I,
Greece,84,Agricultural water withdrawal as % of total renewable water resources,4273,1970,3.545,K,
Greece,84,Agricultural water withdrawal as % of total renewable water resources,4273,1975,5.228,K,
Greece,84,Agricultural water withdrawal as % of total renewable water resources,4273,1985,6.725,K,
Greece,84,Agricultural water withdrawal as % of total renewable water resources,4273,1992,11.55,K,
Greece,84,Agricultural water withdrawal as % of total renewable water resources,4273,1997,11.11,K,
Greece,84,Agricultural water withdrawal as % of total renewable water resources,4273,2002,12.31,K,
Greece,84,Agricultural water withdrawal as % of total renewable water resources,4273,2007,12.37,K,
Greece,84,Agricultural water withdrawal as % of total renewable water resources,4273,2011,11.58,K,
Grenada,86,Agricultural water withdrawal as % of total renewable water resources,4273,1997,1.1,I,
Grenada,86,Agricultural water withdrawal as % of total renewable water resources,4273,2014,1.05,I,
Guatemala,89,Agricultural water withdrawal as % of total renewable water resources,4273,1992,1,,
Guatemala,89,Agricultural water withdrawal as % of total renewable water resources,4273,2001,1.151,,
Guatemala,89,Agricultural water withdrawal as % of total renewable water resources,4273,2006,1.475,,
Guinea,90,Agricultural water withdrawal as % of total renewable water resources,4273,1987,0.285,I,
Guinea,90,Agricultural water withdrawal as % of total renewable water resources,4273,2001,0.1296,I,
Guinea-Bissau,175,Agricultural water withdrawal as % of total renewable water resources,4273,1991,0.0191,I,
Guinea-Bissau,175,Agricultural water withdrawal as % of total renewable water resources,4273,1996,0.4586,I,
Guinea-Bissau,175,Agricultural water withdrawal as % of total renewable water resources,4273,2000,0.4586,I,
Guyana,91,Agricultural water withdrawal as % of total renewable water resources,4273,1992,0.5306,,
Guyana,91,Agricultural water withdrawal as % of total renewable water resources,4273,2000,0.5904,I,
Guyana,91,Agricultural water withdrawal as % of total renewable water resources,4273,2010,0.503,I,
Haiti,93,Agricultural water withdrawal as % of total renewable water resources,4273,1991,7.1,,
Haiti,93,Agricultural water withdrawal as % of total renewable water resources,4273,1995,8.332,,
Haiti,93,Agricultural water withdrawal as % of total renewable water resources,4273,2009,8.617,I,
Honduras,95,Agricultural water withdrawal as % of total renewable water resources,4273,1992,1.4,,
Honduras,95,Agricultural water withdrawal as % of total renewable water resources,4273,2003,1.278,,
Hungary,97,Agricultural water withdrawal as % of total renewable water resources,4273,1970,0.6394,K,
Hungary,97,Agricultural water withdrawal as % of total renewable water resources,4273,1975,0.8561,K,
Hungary,97,Agricultural water withdrawal as % of total renewable water resources,4273,1985,2.198,I,
Hungary,97,Agricultural water withdrawal as % of total renewable water resources,4273,1992,0.9125,K,
Hungary,97,Agricultural water withdrawal as % of total renewable water resources,4273,1996,0.4381,K,
Hungary,97,Agricultural water withdrawal as % of total renewable water resources,4273,2002,0.6535,K,
Hungary,97,Agricultural water withdrawal as % of total renewable water resources,4273,2006,0.2937,K,
Hungary,97,Agricultural water withdrawal as % of total renewable water resources,4273,2012,0.3096,K,
Iceland,99,Agricultural water withdrawal as % of total renewable water resources,4273,1980,0.0024,K,
Iceland,99,Agricultural water withdrawal as % of total renewable water resources,4273,1985,0.0024,K,
Iceland,99,Agricultural water withdrawal as % of total renewable water resources,4273,1992,0.0412,K,
Iceland,99,Agricultural water withdrawal as % of total renewable water resources,4273,2002,0.0412,K,
Iceland,99,Agricultural water withdrawal as % of total renewable water resources,4273,2004,0.0412,K,
Iceland,99,Agricultural water withdrawal as % of total renewable water resources,4273,2012,2.00E-04,,
Iceland,99,Agricultural water withdrawal as % of total renewable water resources,4273,2015,2.00E-04,,
India,100,Agricultural water withdrawal as % of total renewable water resources,4273,1975,18.49,I,
India,100,Agricultural water withdrawal as % of total renewable water resources,4273,1980,21.54,I,
India,100,Agricultural water withdrawal as % of total renewable water resources,4273,1986,24.49,I,
India,100,Agricultural water withdrawal as % of total renewable water resources,4273,1990,24.07,I,
India,100,Agricultural water withdrawal as % of total renewable water resources,4273,2000,29.22,I,
India,100,Agricultural water withdrawal as % of total renewable water resources,4273,2010,36,I,
Indonesia,101,Agricultural water withdrawal as % of total renewable water resources,4273,1990,3.429,,
Indonesia,101,Agricultural water withdrawal as % of total renewable water resources,4273,2000,4.594,,
Indonesia,101,Agricultural water withdrawal as % of total renewable water resources,4273,2016,9.396,,
Iran (Islamic Republic of),102,Agricultural water withdrawal as % of total renewable water resources,4273,1995,55.47,I,
Iran (Islamic Republic of),102,Agricultural water withdrawal as % of total renewable water resources,4273,2001,61.13,I,
Iran (Islamic Republic of),102,Agricultural water withdrawal as % of total renewable water resources,4273,2004,62.77,I,
Iraq,103,Agricultural water withdrawal as % of total renewable water resources,4273,1975,43.99,I,
Iraq,103,Agricultural water withdrawal as % of total renewable water resources,4273,1980,44.26,I,
Iraq,103,Agricultural water withdrawal as % of total renewable water resources,4273,1985,44.51,I,
Iraq,103,Agricultural water withdrawal as % of total renewable water resources,4273,1990,43.82,I,
Iraq,103,Agricultural water withdrawal as % of total renewable water resources,4273,1995,50.85,I,
Iraq,103,Agricultural water withdrawal as % of total renewable water resources,4273,2000,57.87,I,
Iraq,103,Agricultural water withdrawal as % of total renewable water resources,4273,2016,39.25,I,
Ireland,104,Agricultural water withdrawal as % of total renewable water resources,4273,1970,0.3442,K,
Ireland,104,Agricultural water withdrawal as % of total renewable water resources,4273,1980,0.25,K,
Ireland,104,Agricultural water withdrawal as % of total renewable water resources,4273,1994,0.3442,K,
Israel,105,Agricultural water withdrawal as % of total renewable water resources,4273,1970,70.17,I,
Israel,105,Agricultural water withdrawal as % of total renewable water resources,4273,1975,69.78,I,
Israel,105,Agricultural water withdrawal as % of total renewable water resources,4273,1980,69.38,I,
Israel,105,Agricultural water withdrawal as % of total renewable water resources,4273,1990,68.31,I,
Israel,105,Agricultural water withdrawal as % of total renewable water resources,4273,2002,57.36,I,
Israel,105,Agricultural water withdrawal as % of total renewable water resources,4273,2004,63.43,I,
Israel,105,Agricultural water withdrawal as % of total renewable water resources,4273,2009,57.08,I,
Italy,106,Agricultural water withdrawal as % of total renewable water resources,4273,1970,13.38,,
Italy,106,Agricultural water withdrawal as % of total renewable water resources,4273,2000,10.46,I,
Italy,106,Agricultural water withdrawal as % of total renewable water resources,4273,2007,6.738,I,
Italy,106,Agricultural water withdrawal as % of total renewable water resources,4273,2013,8.887,,
Jamaica,109,Agricultural water withdrawal as % of total renewable water resources,4273,1993,6.433,I,
Jamaica,109,Agricultural water withdrawal as % of total renewable water resources,4273,2007,4.14,I,
Jamaica,109,Agricultural water withdrawal as % of total renewable water resources,4273,2016,1.054,I,
Japan,110,Agricultural water withdrawal as % of total renewable water resources,4273,1980,13.49,,
Japan,110,Agricultural water withdrawal as % of total renewable water resources,4273,1992,13.63,,
Japan,110,Agricultural water withdrawal as % of total renewable water resources,4273,1997,13.69,K,
Japan,110,Agricultural water withdrawal as % of total renewable water resources,4273,2002,13.03,K,
Japan,110,Agricultural water withdrawal as % of total renewable water resources,4273,2007,12.67,K,
Japan,110,Agricultural water withdrawal as % of total renewable water resources,4273,2009,12.66,K,
Jordan,112,Agricultural water withdrawal as % of total renewable water resources,4273,1975,31.27,I,
Jordan,112,Agricultural water withdrawal as % of total renewable water resources,4273,1980,40.23,I,
Jordan,112,Agricultural water withdrawal as % of total renewable water resources,4273,1985,49.2,I,
Jordan,112,Agricultural water withdrawal as % of total renewable water resources,4273,1992,78.66,I,
Jordan,112,Agricultural water withdrawal as % of total renewable water resources,4273,2002,55.18,I,
Jordan,112,Agricultural water withdrawal as % of total renewable water resources,4273,2007,62.86,I,
Jordan,112,Agricultural water withdrawal as % of total renewable water resources,4273,2012,49.31,I,
Jordan,112,Agricultural water withdrawal as % of total renewable water resources,4273,2016,59.2,I,
Kazakhstan,108,Agricultural water withdrawal as % of total renewable water resources,4273,1995,25.29,K,
Kazakhstan,108,Agricultural water withdrawal as % of total renewable water resources,4273,2002,13.65,K,
Kazakhstan,108,Agricultural water withdrawal as % of total renewable water resources,4273,2007,12.94,K,
Kazakhstan,108,Agricultural water withdrawal as % of total renewable water resources,4273,2012,12.63,K,
Kazakhstan,108,Agricultural water withdrawal as % of total renewable water resources,4273,2016,14.01,K,
Kenya,114,Agricultural water withdrawal as % of total renewable water resources,4273,1990,5.101,I,
Kenya,114,Agricultural water withdrawal as % of total renewable water resources,4273,2000,3.29,I,
Kenya,114,Agricultural water withdrawal as % of total renewable water resources,4273,2003,5.7,I,
Kenya,114,Agricultural water withdrawal as % of total renewable water resources,4273,2010,6.212,I,
Kenya,114,Agricultural water withdrawal as % of total renewable water resources,4273,2016,10.53,I,
Kuwait,118,Agricultural water withdrawal as % of total renewable water resources,4273,1994,1620,,
Kuwait,118,Agricultural water withdrawal as % of total renewable water resources,4273,2002,2460,,
Kyrgyzstan,113,Agricultural water withdrawal as % of total renewable water resources,4273,1994,40.2,I,
Kyrgyzstan,113,Agricultural water withdrawal as % of total renewable water resources,4273,2000,40.01,I,
Kyrgyzstan,113,Agricultural water withdrawal as % of total renewable water resources,4273,2006,31.53,I,
Kyrgyzstan,113,Agricultural water withdrawal as % of total renewable water resources,4273,2011,30.06,I,
Lao People's Democratic Republic,120,Agricultural water withdrawal as % of total renewable water resources,4273,2005,0.9574,I,
Lao People's Democratic Republic,120,Agricultural water withdrawal as % of total renewable water resources,4273,2016,2.207,I,
Latvia,119,Agricultural water withdrawal as % of total renewable water resources,4273,1995,0.103,I,
Latvia,119,Agricultural water withdrawal as % of total renewable water resources,4273,2002,0.1523,K,
Latvia,119,Agricultural water withdrawal as % of total renewable water resources,4273,2007,0.1448,K,
Latvia,119,Agricultural water withdrawal as % of total renewable water resources,4273,2012,0.1168,K,
Latvia,119,Agricultural water withdrawal as % of total renewable water resources,4273,2016,0.1663,I,
Lebanon,121,Agricultural water withdrawal as % of total renewable water resources,4273,1975,14.17,,
Lebanon,121,Agricultural water withdrawal as % of total renewable water resources,4273,1994,19.43,,
Lebanon,121,Agricultural water withdrawal as % of total renewable water resources,4273,2000,20.43,I,
Lebanon,121,Agricultural water withdrawal as % of total renewable water resources,4273,2005,17.32,,
Lebanon,121,Agricultural water withdrawal as % of total renewable water resources,4273,2015,15.55,,
Lesotho,122,Agricultural water withdrawal as % of total renewable water resources,4273,1987,0.9265,I,
Lesotho,122,Agricultural water withdrawal as % of total renewable water resources,4273,1999,0.1257,I,
Liberia,123,Agricultural water withdrawal as % of total renewable water resources,4273,1987,0.0336,I,
Liberia,123,Agricultural water withdrawal as % of total renewable water resources,4273,2000,0.0053,I,
Libya,124,Agricultural water withdrawal as % of total renewable water resources,4273,1985,280.7,I,
Libya,124,Agricultural water withdrawal as % of total renewable water resources,4273,1990,611.4,I,
Libya,124,Agricultural water withdrawal as % of total renewable water resources,4273,1994,571.4,I,
Libya,124,Agricultural water withdrawal as % of total renewable water resources,4273,2000,512,I,
Libya,124,Agricultural water withdrawal as % of total renewable water resources,4273,2012,692.9,I,
Lithuania,126,Agricultural water withdrawal as % of total renewable water resources,4273,1995,0.0327,I,
Lithuania,126,Agricultural water withdrawal as % of total renewable water resources,4273,2001,0.2163,K,
Lithuania,126,Agricultural water withdrawal as % of total renewable water resources,4273,2007,0.3339,K,
Lithuania,126,Agricultural water withdrawal as % of total renewable water resources,4273,2009,0.3237,K,
Lithuania,126,Agricultural water withdrawal as % of total renewable water resources,4273,2017,0.2412,I,
Luxembourg,256,Agricultural water withdrawal as % of total renewable water resources,4273,1995,0.0057,K,
Luxembourg,256,Agricultural water withdrawal as % of total renewable water resources,4273,1999,0.0057,K,
Luxembourg,256,Agricultural water withdrawal as % of total renewable water resources,4273,2012,0.0057,K,
Luxembourg,256,Agricultural water withdrawal as % of total renewable water resources,4273,2016,0.0086,I,
Madagascar,129,Agricultural water withdrawal as % of total renewable water resources,4273,1984,4.789,,
Madagascar,129,Agricultural water withdrawal as % of total renewable water resources,4273,2000,3.858,I,
Madagascar,129,Agricultural water withdrawal as % of total renewable water resources,4273,2005,3.858,,
Malawi,130,Agricultural water withdrawal as % of total renewable water resources,4273,1994,4.682,I,
Malawi,130,Agricultural water withdrawal as % of total renewable water resources,4273,2002,6.748,I,
Malawi,130,Agricultural water withdrawal as % of total renewable water resources,4273,2005,6.748,I,
Malaysia,131,Agricultural water withdrawal as % of total renewable water resources,4273,1990,1.431,I,
Malaysia,131,Agricultural water withdrawal as % of total renewable water resources,4273,1996,0.4319,I,
Malaysia,131,Agricultural water withdrawal as % of total renewable water resources,4273,2000,0.4319,I,
Malaysia,131,Agricultural water withdrawal as % of total renewable water resources,4273,2005,0.4319,I,
Maldives,132,Agricultural water withdrawal as % of total renewable water resources,4273,1987,0,,
Maldives,132,Agricultural water withdrawal as % of total renewable water resources,4273,2008,0,I,
Mali,133,Agricultural water withdrawal as % of total renewable water resources,4273,1987,1.099,I,
Mali,133,Agricultural water withdrawal as % of total renewable water resources,4273,1996,3.104,I,
Mali,133,Agricultural water withdrawal as % of total renewable water resources,4273,2001,4.158,I,
Mali,133,Agricultural water withdrawal as % of total renewable water resources,4273,2006,4.229,I,
Malta,134,Agricultural water withdrawal as % of total renewable water resources,4273,1995,13.86,,
Malta,134,Agricultural water withdrawal as % of total renewable water resources,4273,2002,37.43,K,
Malta,134,Agricultural water withdrawal as % of total renewable water resources,4273,2007,40.2,K,
Malta,134,Agricultural water withdrawal as % of total renewable water resources,4273,2012,47.72,K,
Malta,134,Agricultural water withdrawal as % of total renewable water resources,4273,2016,50.5,,
Mauritania,136,Agricultural water withdrawal as % of total renewable water resources,4273,1980,5.377,I,
Mauritania,136,Agricultural water withdrawal as % of total renewable water resources,4273,1985,13.16,I,
Mauritania,136,Agricultural water withdrawal as % of total renewable water resources,4273,2000,13.16,I,
Mauritania,136,Agricultural water withdrawal as % of total renewable water resources,4273,2004,10.73,I,
Mauritius,137,Agricultural water withdrawal as % of total renewable water resources,4273,1974,10.06,,
Mauritius,137,Agricultural water withdrawal as % of total renewable water resources,4273,1995,16.72,,
Mauritius,137,Agricultural water withdrawal as % of total renewable water resources,4273,2003,17.85,,
Mexico,138,Agricultural water withdrawal as % of total renewable water resources,4273,1995,13.53,K,
Mexico,138,Agricultural water withdrawal as % of total renewable water resources,4273,2002,12.15,,
Mexico,138,Agricultural water withdrawal as % of total renewable water resources,4273,2007,13.11,,
Mexico,138,Agricultural water withdrawal as % of total renewable water resources,4273,2012,13.72,,
Mexico,138,Agricultural water withdrawal as % of total renewable water resources,4273,2016,14.3,,
Mongolia,141,Agricultural water withdrawal as % of total renewable water resources,4273,1993,0.6523,I,
Mongolia,141,Agricultural water withdrawal as % of total renewable water resources,4273,2006,0.6437,I,
Mongolia,141,Agricultural water withdrawal as % of total renewable water resources,4273,2009,0.6954,I,
Mongolia,141,Agricultural water withdrawal as % of total renewable water resources,4273,2016,0.721,I,
Morocco,143,Agricultural water withdrawal as % of total renewable water resources,4273,1992,35.1,I,
Morocco,143,Agricultural water withdrawal as % of total renewable water resources,4273,1995,34.08,I,
Morocco,143,Agricultural water withdrawal as % of total renewable water resources,4273,2002,38.1,I,
Morocco,143,Agricultural water withdrawal as % of total renewable water resources,4273,2010,31.57,I,
Mozambique,144,Agricultural water withdrawal as % of total renewable water resources,4273,1990,0.2487,,
Mozambique,144,Agricultural water withdrawal as % of total renewable water resources,4273,2001,0.3178,I,
Mozambique,144,Agricultural water withdrawal as % of total renewable water resources,4273,2015,0.4956,,
Myanmar,28,Agricultural water withdrawal as % of total renewable water resources,4273,1987,2.385,I,
Myanmar,28,Agricultural water withdrawal as % of total renewable water resources,4273,2000,2.532,I,
Namibia,147,Agricultural water withdrawal as % of total renewable water resources,4273,1985,0.2881,,
Namibia,147,Agricultural water withdrawal as % of total renewable water resources,4273,1991,0.426,,
Namibia,147,Agricultural water withdrawal as % of total renewable water resources,4273,1995,0.4798,I,
Namibia,147,Agricultural water withdrawal as % of total renewable water resources,4273,2002,0.5036,,
Nepal,149,Agricultural water withdrawal as % of total renewable water resources,4273,2000,4.434,I,
Nepal,149,Agricultural water withdrawal as % of total renewable water resources,4273,2006,4.434,I,
Netherlands,150,Agricultural water withdrawal as % of total renewable water resources,4273,1991,0.2022,K,
Netherlands,150,Agricultural water withdrawal as % of total renewable water resources,4273,1996,0.2527,K,
Netherlands,150,Agricultural water withdrawal as % of total renewable water resources,4273,2002,0.0578,K,
Netherlands,150,Agricultural water withdrawal as % of total renewable water resources,4273,2007,0.079,K,
Netherlands,150,Agricultural water withdrawal as % of total renewable water resources,4273,2012,0.0662,K,
Netherlands,150,Agricultural water withdrawal as % of total renewable water resources,4273,2014,0.0909,I,
New Zealand,156,Agricultural water withdrawal as % of total renewable water resources,4273,1985,0.2557,,
New Zealand,156,Agricultural water withdrawal as % of total renewable water resources,4273,2006,0.8624,K,
New Zealand,156,Agricultural water withdrawal as % of total renewable water resources,4273,2010,0.9807,K,
Nicaragua,157,Agricultural water withdrawal as % of total renewable water resources,4273,2001,0.7173,,
Nicaragua,157,Agricultural water withdrawal as % of total renewable water resources,4273,2011,0.7204,,
Niger,158,Agricultural water withdrawal as % of total renewable water resources,4273,1988,1.204,I,
Niger,158,Agricultural water withdrawal as % of total renewable water resources,4273,2005,1.928,I,
Niger,158,Agricultural water withdrawal as % of total renewable water resources,4273,2016,4.511,I,
Nigeria,159,Agricultural water withdrawal as % of total renewable water resources,4273,1987,1.37,I,
Nigeria,159,Agricultural water withdrawal as % of total renewable water resources,4273,2000,1.925,I,
Nigeria,159,Agricultural water withdrawal as % of total renewable water resources,4273,2004,1.925,I,
Nigeria,159,Agricultural water withdrawal as % of total renewable water resources,4273,2010,1.925,I,
North Macedonia,154,Agricultural water withdrawal as % of total renewable water resources,4273,1996,16.66,,
North Macedonia,154,Agricultural water withdrawal as % of total renewable water resources,4273,2002,4.397,K,
North Macedonia,154,Agricultural water withdrawal as % of total renewable water resources,4273,2007,1.961,K,
Norway,162,Agricultural water withdrawal as % of total renewable water resources,4273,1996,0.1858,K,
Norway,162,Agricultural water withdrawal as % of total renewable water resources,4273,2002,0.2056,K,
Norway,162,Agricultural water withdrawal as % of total renewable water resources,4273,2006,0.215,K,
Occupied Palestinian Territory,299,Agricultural water withdrawal as % of total renewable water resources,4273,2001,19.95,I,
Occupied Palestinian Territory,299,Agricultural water withdrawal as % of total renewable water resources,4273,2005,22.58,I,
Oman,221,Agricultural water withdrawal as % of total renewable water resources,4273,1991,82,I,
Oman,221,Agricultural water withdrawal as % of total renewable water resources,4273,2000,87.86,I,
Oman,221,Agricultural water withdrawal as % of total renewable water resources,4273,2003,83.43,I,
Pakistan,165,Agricultural water withdrawal as % of total renewable water resources,4273,1975,60.9,I,
Pakistan,165,Agricultural water withdrawal as % of total renewable water resources,4273,1991,61.02,I,
Pakistan,165,Agricultural water withdrawal as % of total renewable water resources,4273,2000,65.92,I,
Pakistan,165,Agricultural water withdrawal as % of total renewable water resources,4273,2008,69.85,I,
Panama,166,Agricultural water withdrawal as % of total renewable water resources,4273,2010,0.3202,,
Panama,166,Agricultural water withdrawal as % of total renewable water resources,4273,2016,0.3202,,
Papua New Guinea,168,Agricultural water withdrawal as % of total renewable water resources,4273,2000,1.00E-04,K,
Papua New Guinea,168,Agricultural water withdrawal as % of total renewable water resources,4273,2005,1.00E-04,K,
Paraguay,169,Agricultural water withdrawal as % of total renewable water resources,4273,1987,0.0865,,
Paraguay,169,Agricultural water withdrawal as % of total renewable water resources,4273,2000,0.0903,I,
Paraguay,169,Agricultural water withdrawal as % of total renewable water resources,4273,2012,0.4892,I,
Peru,170,Agricultural water withdrawal as % of total renewable water resources,4273,1992,0.9,,
Peru,170,Agricultural water withdrawal as % of total renewable water resources,4273,2008,0.6447,,
Philippines,171,Agricultural water withdrawal as % of total renewable water resources,4273,2006,13.69,,
Philippines,171,Agricultural water withdrawal as % of total renewable water resources,4273,2009,14,,
Philippines,171,Agricultural water withdrawal as % of total renewable water resources,4273,2016,14.15,,
Poland,173,Agricultural water withdrawal as % of total renewable water resources,4273,1970,2.779,K,
Poland,173,Agricultural water withdrawal as % of total renewable water resources,4273,1975,2.747,K,
Poland,173,Agricultural water withdrawal as % of total renewable water resources,4273,1980,2.187,K,
Poland,173,Agricultural water withdrawal as % of total renewable water resources,4273,1985,2.655,K,
Poland,173,Agricultural water withdrawal as % of total renewable water resources,4273,1992,2.264,K,
Poland,173,Agricultural water withdrawal as % of total renewable water resources,4273,1997,1.79,K,
Poland,173,Agricultural water withdrawal as % of total renewable water resources,4273,2002,1.831,K,
Poland,173,Agricultural water withdrawal as % of total renewable water resources,4273,2007,1.855,K,
Poland,173,Agricultural water withdrawal as % of total renewable water resources,4273,2012,1.821,K,
Poland,173,Agricultural water withdrawal as % of total renewable water resources,4273,2016,1.74,I,
Portugal,174,Agricultural water withdrawal as % of total renewable water resources,4273,1991,6.589,K,
Portugal,174,Agricultural water withdrawal as % of total renewable water resources,4273,1995,12.92,K,
Portugal,174,Agricultural water withdrawal as % of total renewable water resources,4273,1998,11.33,K,
Puerto Rico,177,Agricultural water withdrawal as % of total renewable water resources,4273,1990,2.906,,
Puerto Rico,177,Agricultural water withdrawal as % of total renewable water resources,4273,2000,1.839,,
Puerto Rico,177,Agricultural water withdrawal as % of total renewable water resources,4273,2005,1.041,,
Puerto Rico,177,Agricultural water withdrawal as % of total renewable water resources,4273,2010,0.9028,,
Qatar,179,Agricultural water withdrawal as % of total renewable water resources,4273,1994,363.1,,
Qatar,179,Agricultural water withdrawal as % of total renewable water resources,4273,2000,362.1,I,
Qatar,179,Agricultural water withdrawal as % of total renewable water resources,4273,2005,451.7,,
Qatar,179,Agricultural water withdrawal as % of total renewable water resources,4273,2016,396.6,,
Republic of Korea,117,Agricultural water withdrawal as % of total renewable water resources,4273,1990,20.23,K,
Republic of Korea,117,Agricultural water withdrawal as % of total renewable water resources,4273,1997,21.94,K,
Republic of Korea,117,Agricultural water withdrawal as % of total renewable water resources,4273,2002,23.1,K,
Republic of Korea,117,Agricultural water withdrawal as % of total renewable water resources,4273,2003,22.9,K,
Republic of Moldova,146,Agricultural water withdrawal as % of total renewable water resources,4273,1992,6.316,I,
Republic of Moldova,146,Agricultural water withdrawal as % of total renewable water resources,4273,1996,2.852,I,
Republic of Moldova,146,Agricultural water withdrawal as % of total renewable water resources,4273,2007,0.2934,I,
Republic of Moldova,146,Agricultural water withdrawal as % of total renewable water resources,4273,2012,0.3178,I,
Republic of Moldova,146,Agricultural water withdrawal as % of total renewable water resources,4273,2013,0.3097,I,
Romania,183,Agricultural water withdrawal as % of total renewable water resources,4273,1970,1.604,I,
Romania,183,Agricultural water withdrawal as % of total renewable water resources,4273,1975,2.712,I,
Romania,183,Agricultural water withdrawal as % of total renewable water resources,4273,1980,3.203,I,
Romania,183,Agricultural water withdrawal as % of total renewable water resources,4273,1985,4.005,I,
Romania,183,Agricultural water withdrawal as % of total renewable water resources,4273,1990,4.292,I,
Romania,183,Agricultural water withdrawal as % of total renewable water resources,4273,1997,1.406,I,
Romania,183,Agricultural water withdrawal as % of total renewable water resources,4273,2002,0.5623,K,
Romania,183,Agricultural water withdrawal as % of total renewable water resources,4273,2007,0.5184,K,
Romania,183,Agricultural water withdrawal as % of total renewable water resources,4273,2012,0.5156,K,
Romania,183,Agricultural water withdrawal as % of total renewable water resources,4273,2016,0.5863,I,
Russian Federation,185,Agricultural water withdrawal as % of total renewable water resources,4273,1994,0.3381,I,
Russian Federation,185,Agricultural water withdrawal as % of total renewable water resources,4273,2001,0.2917,I,
Russian Federation,185,Agricultural water withdrawal as % of total renewable water resources,4273,2016,0.4031,I,
Rwanda,184,Agricultural water withdrawal as % of total renewable water resources,4273,2000,0.7669,I,
Saint Kitts and Nevis,188,Agricultural water withdrawal as % of total renewable water resources,4273,1997,0.8333,I,
Saint Kitts and Nevis,188,Agricultural water withdrawal as % of total renewable water resources,4273,2012,0.8333,I,
Saint Lucia,189,Agricultural water withdrawal as % of total renewable water resources,4273,2007,10.13,I,
Saint Vincent and the Grenadines,191,Agricultural water withdrawal as % of total renewable water resources,4273,1990,10.1,I,
Saint Vincent and the Grenadines,191,Agricultural water withdrawal as % of total renewable water resources,4273,2013,0,I,
Sao Tome and Principe,193,Agricultural water withdrawal as % of total renewable water resources,4273,2016,1.174,,
Saudi Arabia,194,Agricultural water withdrawal as % of total renewable water resources,4273,1992,637.9,I,
Saudi Arabia,194,Agricultural water withdrawal as % of total renewable water resources,4273,2006,867.9,K,
Saudi Arabia,194,Agricultural water withdrawal as % of total renewable water resources,4273,2012,729.6,I,
Saudi Arabia,194,Agricultural water withdrawal as % of total renewable water resources,4273,2017,800,I,
Senegal,195,Agricultural water withdrawal as % of total renewable water resources,4273,1987,3.21,I,
Senegal,195,Agricultural water withdrawal as % of total renewable water resources,4273,2002,5.299,I,
Serbia,272,Agricultural water withdrawal as % of total renewable water resources,4273,2007,0.079,E,
Serbia,272,Agricultural water withdrawal as % of total renewable water resources,4273,2011,0.06,E,
Serbia,272,Agricultural water withdrawal as % of total renewable water resources,4273,2016,0.3912,K,
Sierra Leone,197,Agricultural water withdrawal as % of total renewable water resources,4273,1987,0.2056,I,
Sierra Leone,197,Agricultural water withdrawal as % of total renewable water resources,4273,1992,0.0286,I,
Sierra Leone,197,Agricultural water withdrawal as % of total renewable water resources,4273,2000,0.0286,I,
Sierra Leone,197,Agricultural water withdrawal as % of total renewable water resources,4273,2005,0.0286,I,
Singapore,200,Agricultural water withdrawal as % of total renewable water resources,4273,1975,1.267,,
Slovakia,199,Agricultural water withdrawal as % of total renewable water resources,4273,1997,0.1337,K,
Slovakia,199,Agricultural water withdrawal as % of total renewable water resources,4273,2002,0.1118,K,
Slovakia,199,Agricultural water withdrawal as % of total renewable water resources,4273,2007,0.0449,K,
Slovakia,199,Agricultural water withdrawal as % of total renewable water resources,4273,2012,0.0613,K,
Slovakia,199,Agricultural water withdrawal as % of total renewable water resources,4273,2016,0.0415,I,
Slovenia,198,Agricultural water withdrawal as % of total renewable water resources,4273,1992,0.0116,K,
Slovenia,198,Agricultural water withdrawal as % of total renewable water resources,4273,1995,0.0151,K,
Slovenia,198,Agricultural water withdrawal as % of total renewable water resources,4273,2002,0.0207,K,
Slovenia,198,Agricultural water withdrawal as % of total renewable water resources,4273,2007,0.0144,K,
Slovenia,198,Agricultural water withdrawal as % of total renewable water resources,4273,2012,0.0072,K,
Slovenia,198,Agricultural water withdrawal as % of total renewable water resources,4273,2016,0.0104,I,
Somalia,201,Agricultural water withdrawal as % of total renewable water resources,4273,1987,5.347,,
Somalia,201,Agricultural water withdrawal as % of total renewable water resources,4273,2000,22.31,I,
Somalia,201,Agricultural water withdrawal as % of total renewable water resources,4273,2003,22.32,I,
South Africa,202,Agricultural water withdrawal as % of total renewable water resources,4273,1990,18.66,I,
South Africa,202,Agricultural water withdrawal as % of total renewable water resources,4273,1995,16.96,I,
South Africa,202,Agricultural water withdrawal as % of total renewable water resources,4273,2000,15.26,I,
South Africa,202,Agricultural water withdrawal as % of total renewable water resources,4273,2013,18.87,I,
South Sudan,277,Agricultural water withdrawal as % of total renewable water resources,4273,2011,0.4848,,
Spain,203,Agricultural water withdrawal as % of total renewable water resources,4273,1986,25.5,I,
Spain,203,Agricultural water withdrawal as % of total renewable water resources,4273,1991,21.26,K,
Spain,203,Agricultural water withdrawal as % of total renewable water resources,4273,1997,21,K,
Spain,203,Agricultural water withdrawal as % of total renewable water resources,4273,2002,20.66,K,
Spain,203,Agricultural water withdrawal as % of total renewable water resources,4273,2007,20.79,K,
Spain,203,Agricultural water withdrawal as % of total renewable water resources,4273,2012,22.84,K,
Spain,203,Agricultural water withdrawal as % of total renewable water resources,4273,2014,19.7,I,
Sri Lanka,38,Agricultural water withdrawal as % of total renewable water resources,4273,1990,17.76,,
Sri Lanka,38,Agricultural water withdrawal as % of total renewable water resources,4273,2000,22.73,I,
Sri Lanka,38,Agricultural water withdrawal as % of total renewable water resources,4273,2005,21.42,,
Sudan,276,Agricultural water withdrawal as % of total renewable water resources,4273,2011,68.54,,
Suriname,207,Agricultural water withdrawal as % of total renewable water resources,4273,1987,0.4141,,
Suriname,207,Agricultural water withdrawal as % of total renewable water resources,4273,2000,0.6263,I,
Suriname,207,Agricultural water withdrawal as % of total renewable water resources,4273,2006,0.4355,I,
Sweden,210,Agricultural water withdrawal as % of total renewable water resources,4273,1970,0.0759,K,
Sweden,210,Agricultural water withdrawal as % of total renewable water resources,4273,1975,0.0787,K,
Sweden,210,Agricultural water withdrawal as % of total renewable water resources,4273,1980,0.0805,K,
Sweden,210,Agricultural water withdrawal as % of total renewable water resources,4273,1992,0.1,K,
Sweden,210,Agricultural water withdrawal as % of total renewable water resources,4273,1997,0.0862,K,
Sweden,210,Agricultural water withdrawal as % of total renewable water resources,4273,2002,0.0776,K,
Sweden,210,Agricultural water withdrawal as % of total renewable water resources,4273,2007,0.0615,K,
Sweden,210,Agricultural water withdrawal as % of total renewable water resources,4273,2010,0.0563,K,
Switzerland,211,Agricultural water withdrawal as % of total renewable water resources,4273,2000,0.0935,I,
Switzerland,211,Agricultural water withdrawal as % of total renewable water resources,4273,2012,0.2993,K,
Syrian Arab Republic,212,Agricultural water withdrawal as % of total renewable water resources,4273,1997,76.43,I,
Syrian Arab Republic,212,Agricultural water withdrawal as % of total renewable water resources,4273,2002,85.77,I,
Syrian Arab Republic,212,Agricultural water withdrawal as % of total renewable water resources,4273,2003,87.32,I,
Tajikistan,208,Agricultural water withdrawal as % of total renewable water resources,4273,1994,50.02,I,
Tajikistan,208,Agricultural water withdrawal as % of total renewable water resources,4273,2000,50.02,I,
Tajikistan,208,Agricultural water withdrawal as % of total renewable water resources,4273,2006,47.65,I,
Thailand,216,Agricultural water withdrawal as % of total renewable water resources,4273,2007,11.81,I,
Timor-Leste,176,Agricultural water withdrawal as % of total renewable water resources,4273,2004,13.04,I,
Togo,217,Agricultural water withdrawal as % of total renewable water resources,4273,1987,0.1565,I,
Togo,217,Agricultural water withdrawal as % of total renewable water resources,4273,2002,0.517,I,
Trinidad and Tobago,220,Agricultural water withdrawal as % of total renewable water resources,4273,1997,0.4062,,
Trinidad and Tobago,220,Agricultural water withdrawal as % of total renewable water resources,4273,2000,0.4427,,
Trinidad and Tobago,220,Agricultural water withdrawal as % of total renewable water resources,4273,2005,0.3906,I,
Trinidad and Tobago,220,Agricultural water withdrawal as % of total renewable water resources,4273,2011,0.4349,I,
Tunisia,222,Agricultural water withdrawal as % of total renewable water resources,4273,1990,59.11,,
Tunisia,222,Agricultural water withdrawal as % of total renewable water resources,4273,1995,53,I,
Tunisia,222,Agricultural water withdrawal as % of total renewable water resources,4273,2000,46.91,,
Tunisia,222,Agricultural water withdrawal as % of total renewable water resources,4273,2011,57.29,I,
Tunisia,222,Agricultural water withdrawal as % of total renewable water resources,4273,2017,81.76,,
Turkey,223,Agricultural water withdrawal as % of total renewable water resources,4273,1992,10.82,I,
Turkey,223,Agricultural water withdrawal as % of total renewable water resources,4273,2000,14.89,I,
Turkey,223,Agricultural water withdrawal as % of total renewable water resources,4273,2003,13.99,I,
Turkey,223,Agricultural water withdrawal as % of total renewable water resources,4273,2008,16.07,I,
Turkey,223,Agricultural water withdrawal as % of total renewable water resources,4273,2016,24.01,I,
Turkmenistan,213,Agricultural water withdrawal as % of total renewable water resources,4273,1994,94.03,I,
Turkmenistan,213,Agricultural water withdrawal as % of total renewable water resources,4273,2000,97.05,I,
Turkmenistan,213,Agricultural water withdrawal as % of total renewable water resources,4273,2004,106.4,I,
Uganda,226,Agricultural water withdrawal as % of total renewable water resources,4273,1970,0.1997,I,
Uganda,226,Agricultural water withdrawal as % of total renewable water resources,4273,2002,0.1997,I,
Uganda,226,Agricultural water withdrawal as % of total renewable water resources,4273,2008,0.4309,I,
Ukraine,230,Agricultural water withdrawal as % of total renewable water resources,4273,1992,4.487,I,
Ukraine,230,Agricultural water withdrawal as % of total renewable water resources,4273,2000,3.129,I,
Ukraine,230,Agricultural water withdrawal as % of total renewable water resources,4273,2005,2.581,I,
Ukraine,230,Agricultural water withdrawal as % of total renewable water resources,4273,2010,2.541,I,
Ukraine,230,Agricultural water withdrawal as % of total renewable water resources,4273,2016,1.806,I,
United Arab Emirates,225,Agricultural water withdrawal as % of total renewable water resources,4273,1980,480,,
United Arab Emirates,225,Agricultural water withdrawal as % of total renewable water resources,4273,1995,938.7,,
United Arab Emirates,225,Agricultural water withdrawal as % of total renewable water resources,4273,2000,1519,I,
United Arab Emirates,225,Agricultural water withdrawal as % of total renewable water resources,4273,2005,2208,I,
United Kingdom,229,Agricultural water withdrawal as % of total renewable water resources,4273,1990,0.4545,K,
United Kingdom,229,Agricultural water withdrawal as % of total renewable water resources,4273,1995,1.172,K,
United Kingdom,229,Agricultural water withdrawal as % of total renewable water resources,4273,2002,0.8898,K,
United Kingdom,229,Agricultural water withdrawal as % of total renewable water resources,4273,2007,0.9048,K,
United Kingdom,229,Agricultural water withdrawal as % of total renewable water resources,4273,2012,0.7136,K,
United Kingdom,229,Agricultural water withdrawal as % of total renewable water resources,4273,2016,0.8048,I,
United Republic of Tanzania,215,Agricultural water withdrawal as % of total renewable water resources,4273,1994,1.08,I,
United Republic of Tanzania,215,Agricultural water withdrawal as % of total renewable water resources,4273,2002,4.811,K,
United States of America,231,Agricultural water withdrawal as % of total renewable water resources,4273,1969,3.262,,
United States of America,231,Agricultural water withdrawal as % of total renewable water resources,4273,1974,3.47,,
United States of America,231,Agricultural water withdrawal as % of total renewable water resources,4273,1979,3.816,,
United States of America,231,Agricultural water withdrawal as % of total renewable water resources,4273,1990,6.344,,
United States of America,231,Agricultural water withdrawal as % of total renewable water resources,4273,2000,6.403,,
United States of America,231,Agricultural water withdrawal as % of total renewable water resources,4273,2005,6.253,,
United States of America,231,Agricultural water withdrawal as % of total renewable water resources,4273,2010,5.705,,
United States of America,231,Agricultural water withdrawal as % of total renewable water resources,4273,2015,5.741,,
Uruguay,234,Agricultural water withdrawal as % of total renewable water resources,4273,1965,0.3435,,
Uruguay,234,Agricultural water withdrawal as % of total renewable water resources,4273,2000,1.841,,
Uzbekistan,235,Agricultural water withdrawal as % of total renewable water resources,4273,1994,111.3,I,
Uzbekistan,235,Agricultural water withdrawal as % of total renewable water resources,4273,2001,112.1,I,
Uzbekistan,235,Agricultural water withdrawal as % of total renewable water resources,4273,2005,103.1,I,
Uzbekistan,235,Agricultural water withdrawal as % of total renewable water resources,4273,2016,102.3,I,
Venezuela (Bolivarian Republic of),236,Agricultural water withdrawal as % of total renewable water resources,4273,1970,0.1423,,
Venezuela (Bolivarian Republic of),236,Agricultural water withdrawal as % of total renewable water resources,4273,2000,0.2996,I,
Venezuela (Bolivarian Republic of),236,Agricultural water withdrawal as % of total renewable water resources,4273,2007,1.261,I,
Venezuela (Bolivarian Republic of),236,Agricultural water withdrawal as % of total renewable water resources,4273,2008,1.261,I,
Viet Nam,237,Agricultural water withdrawal as % of total renewable water resources,4273,1980,3.963,,
Viet Nam,237,Agricultural water withdrawal as % of total renewable water resources,4273,1985,4.598,,
Viet Nam,237,Agricultural water withdrawal as % of total renewable water resources,4273,1990,5.316,,
Viet Nam,237,Agricultural water withdrawal as % of total renewable water resources,4273,2005,8.794,,
Yemen,249,Agricultural water withdrawal as % of total renewable water resources,4273,1990,128.6,I,
Yemen,249,Agricultural water withdrawal as % of total renewable water resources,4273,2000,145.7,I,
Yemen,249,Agricultural water withdrawal as % of total renewable water resources,4273,2005,154,I,
Zambia,251,Agricultural water withdrawal as % of total renewable water resources,4273,1992,1.278,I,
Zambia,251,Agricultural water withdrawal as % of total renewable water resources,4273,1994,1.258,I,
Zambia,251,Agricultural water withdrawal as % of total renewable water resources,4273,2002,1.099,I,
Zimbabwe,181,Agricultural water withdrawal as % of total renewable water resources,4273,1987,4.82,,
Zimbabwe,181,Agricultural water withdrawal as % of total renewable water resources,4273,2002,16.59,,
Zimbabwe,181,Agricultural water withdrawal as % of total renewable water resources,4273,2007,14.65,,
,,,,,,,
,,,,,,,
E - External data,,,,,,,
I - AQUASTAT estimate,,,,,,,
K - Aggregate data,,,,,,,
L - Modelled data,,,,,,,
(c)  FAO of the UN,,,,,,,
The information contained in AQUASTAT is provided free of charge to all users. Please quote as follows:,,,,,,,
FAO. 2016. AQUASTAT Main Database - Food and Agriculture Organization of the United Nations (FAO). Website accessed on[18/07/2019 10:16],,,,,,,
 ,,,,,,,
