Country Name,Country Code,Series Name,Series Code,1960 [YR1960],1961 [YR1961],1962 [YR1962],1963 [YR1963],1964 [YR1964],1965 [YR1965],1966 [YR1966],1967 [YR1967],1968 [YR1968],1969 [YR1969],1970 [YR1970],1971 [YR1971],1972 [YR1972],1973 [YR1973],1974 [YR1974],1975 [YR1975],1976 [YR1976],1977 [YR1977],1978 [YR1978],1979 [YR1979],1980 [YR1980],1981 [YR1981],1982 [YR1982],1983 [YR1983],1984 [YR1984],1985 [YR1985],1986 [YR1986],1987 [YR1987],1988 [YR1988],1989 [YR1989],1990 [YR1990],1991 [YR1991],1992 [YR1992],1993 [YR1993],1994 [YR1994],1995 [YR1995],1996 [YR1996],1997 [YR1997],1998 [YR1998],1999 [YR1999],2000 [YR2000],2001 [YR2001],2002 [YR2002],2003 [YR2003],2004 [YR2004],2005 [YR2005],2006 [YR2006],2007 [YR2007],2008 [YR2008],2009 [YR2009],2010 [YR2010],2011 [YR2011],2012 [YR2012],2013 [YR2013],2014 [YR2014],2015 [YR2015],2016 [YR2016],2017 [YR2017],2018 [YR2018]
Afghanistan,AFG,GINI index (World Bank estimate),SI.POV.GINI,..,..,..,..,..,..,..,..,..,..,..,..,..,..,..,..,..,..,..,..,..,..,..,..,..,..,..,..,..,..,..,..,..,..,..,..,..,..,..,..,..,..,..,..,..,..,..,..,..,..,..,..,..,..,..,..,..,..,..
Albania,ALB,GINI index (World Bank estimate),SI.POV.GINI,..,..,..,..,..,..,..,..,..,..,..,..,..,..,..,..,..,..,..,..,..,..,..,..,..,..,..,..,..,..,..,..,..,..,..,..,27,..,..,..,..,..,31.7,..,..,30.6,..,..,30,..,..,..,29,..,..,..,..,..,..
Algeria,DZA,GINI index (World Bank estimate),SI.POV.GINI,..,..,..,..,..,..,..,..,..,..,..,..,..,..,..,..,..,..,..,..,..,..,..,..,..,..,..,..,40.2,..,..,..,..,..,..,35.3,..,..,..,..,..,..,..,..,..,..,..,..,..,..,..,27.6,..,..,..,..,..,..,..
American Samoa,ASM,GINI index (World Bank estimate),SI.POV.GINI,..,..,..,..,..,..,..,..,..,..,..,..,..,..,..,..,..,..,..,..,..,..,..,..,..,..,..,..,..,..,..,..,..,..,..,..,..,..,..,..,..,..,..,..,..,..,..,..,..,..,..,..,..,..,..,..,..,..,..
Andorra,AND,GINI index (World Bank estimate),SI.POV.GINI,..,..,..,..,..,..,..,..,..,..,..,..,..,..,..,..,..,..,..,..,..,..,..,..,..,..,..,..,..,..,..,..,..,..,..,..,..,..,..,..,..,..,..,..,..,..,..,..,..,..,..,..,..,..,..,..,..,..,..
Angola,AGO,GINI index (World Bank estimate),SI.POV.GINI,..,..,..,..,..,..,..,..,..,..,..,..,..,..,..,..,..,..,..,..,..,..,..,..,..,..,..,..,..,..,..,..,..,..,..,..,..,..,..,..,52,..,..,..,..,..,..,..,42.7,..,..,..,..,..,..,..,..,..,..
Antigua and Barbuda,ATG,GINI index (World Bank estimate),SI.POV.GINI,..,..,..,..,..,..,..,..,..,..,..,..,..,..,..,..,..,..,..,..,..,..,..,..,..,..,..,..,..,..,..,..,..,..,..,..,..,..,..,..,..,..,..,..,..,..,..,..,..,..,..,..,..,..,..,..,..,..,..
Argentina,ARG,GINI index (World Bank estimate),SI.POV.GINI,..,..,..,..,..,..,..,..,..,..,..,..,..,..,..,..,..,..,..,..,40.8,..,..,..,..,..,42.8,45.3,..,..,..,46.8,45.5,44.9,45.9,48.9,49.5,49.1,50.7,49.8,51.1,53.3,53.8,50.7,48.3,47.7,46.6,46.3,44.5,43.9,43,42.3,41.2,41,41.4,..,42.4,40.6,..
Armenia,ARM,GINI index (World Bank estimate),SI.POV.GINI,..,..,..,..,..,..,..,..,..,..,..,..,..,..,..,..,..,..,..,..,..,..,..,..,..,..,..,..,..,..,..,..,..,..,..,..,..,..,..,36.2,..,35.4,34.8,33,37.5,36,29.7,31.2,29.2,28,30,29.4,29.6,30.6,31.5,32.4,32.5,33.6,..
Aruba,ABW,GINI index (World Bank estimate),SI.POV.GINI,..,..,..,..,..,..,..,..,..,..,..,..,..,..,..,..,..,..,..,..,..,..,..,..,..,..,..,..,..,..,..,..,..,..,..,..,..,..,..,..,..,..,..,..,..,..,..,..,..,..,..,..,..,..,..,..,..,..,..
Australia,AUS,GINI index (World Bank estimate),SI.POV.GINI,..,..,..,..,..,..,..,..,..,..,..,..,..,..,..,..,..,..,..,..,..,31.3,..,..,..,32.5,..,..,..,33.2,..,..,..,..,..,32.6,..,..,..,..,..,33.5,..,33.5,33.1,..,..,..,35.4,..,34.7,..,..,..,35.8,..,..,..,..
Austria,AUT,GINI index (World Bank estimate),SI.POV.GINI,..,..,..,..,..,..,..,..,..,..,..,..,..,..,..,..,..,..,..,..,..,..,..,..,..,..,..,..,..,..,..,..,..,..,..,..,..,..,..,..,..,..,..,29.5,29.8,28.7,29.6,30.6,30.4,31.5,30.3,30.8,30.5,30.8,30.5,30.5,..,..,..
Azerbaijan,AZE,GINI index (World Bank estimate),SI.POV.GINI,..,..,..,..,..,..,..,..,..,..,..,..,..,..,..,..,..,..,..,..,..,..,..,..,..,..,..,..,..,..,..,..,..,..,..,34.7,..,..,..,..,..,36.5,25.3,26.8,26.6,26.6,..,..,..,..,..,..,..,..,..,..,..,..,..
"Bahamas, The",BHS,GINI index (World Bank estimate),SI.POV.GINI,..,..,..,..,..,..,..,..,..,..,..,..,..,..,..,..,..,..,..,..,..,..,..,..,..,..,..,..,..,..,..,..,..,..,..,..,..,..,..,..,..,..,..,..,..,..,..,..,..,..,..,..,..,..,..,..,..,..,..
Bahrain,BHR,GINI index (World Bank estimate),SI.POV.GINI,..,..,..,..,..,..,..,..,..,..,..,..,..,..,..,..,..,..,..,..,..,..,..,..,..,..,..,..,..,..,..,..,..,..,..,..,..,..,..,..,..,..,..,..,..,..,..,..,..,..,..,..,..,..,..,..,..,..,..
Bangladesh,BGD,GINI index (World Bank estimate),SI.POV.GINI,..,..,..,..,..,..,..,..,..,..,..,..,..,..,..,..,..,..,..,..,..,..,..,25.9,..,26.9,..,..,28.8,..,..,27.6,..,..,..,32.9,..,..,..,..,33.4,..,..,..,..,33.2,..,..,..,..,32.1,..,..,..,..,..,32.4,..,..
Barbados,BRB,GINI index (World Bank estimate),SI.POV.GINI,..,..,..,..,..,..,..,..,..,..,..,..,..,..,..,..,..,..,..,..,..,..,..,..,..,..,..,..,..,..,..,..,..,..,..,..,..,..,..,..,..,..,..,..,..,..,..,..,..,..,..,..,..,..,..,..,..,..,..
Belarus,BLR,GINI index (World Bank estimate),SI.POV.GINI,..,..,..,..,..,..,..,..,..,..,..,..,..,..,..,..,..,..,..,..,..,..,..,..,..,..,..,..,..,..,..,..,..,..,..,..,..,..,32,31.7,31.2,30.6,30.3,28.8,26.5,27.6,28.3,29.6,27.8,27.7,28.6,27.2,26.5,26.6,27.2,25.6,25.3,25.4,..
Belgium,BEL,GINI index (World Bank estimate),SI.POV.GINI,..,..,..,..,..,..,..,..,..,..,..,..,..,..,..,..,..,..,..,..,..,..,..,..,..,..,..,..,..,..,..,..,..,..,..,..,..,..,..,..,..,..,..,28.1,30.5,29.3,28.1,29.2,28.4,28.5,28.4,28.1,27.5,27.7,28.1,27.7,..,..,..
Belize,BLZ,GINI index (World Bank estimate),SI.POV.GINI,..,..,..,..,..,..,..,..,..,..,..,..,..,..,..,..,..,..,..,..,..,..,..,..,..,..,..,..,..,..,..,..,..,60.3,60.9,..,56.6,60.4,54.9,53.3,..,..,..,..,..,..,..,..,..,..,..,..,..,..,..,..,..,..,..
Benin,BEN,GINI index (World Bank estimate),SI.POV.GINI,..,..,..,..,..,..,..,..,..,..,..,..,..,..,..,..,..,..,..,..,..,..,..,..,..,..,..,..,..,..,..,..,..,..,..,..,..,..,..,..,..,..,..,38.6,..,..,..,..,..,..,..,43.4,..,..,..,47.8,..,..,..
Bermuda,BMU,GINI index (World Bank estimate),SI.POV.GINI,..,..,..,..,..,..,..,..,..,..,..,..,..,..,..,..,..,..,..,..,..,..,..,..,..,..,..,..,..,..,..,..,..,..,..,..,..,..,..,..,..,..,..,..,..,..,..,..,..,..,..,..,..,..,..,..,..,..,..
Bhutan,BTN,GINI index (World Bank estimate),SI.POV.GINI,..,..,..,..,..,..,..,..,..,..,..,..,..,..,..,..,..,..,..,..,..,..,..,..,..,..,..,..,..,..,..,..,..,..,..,..,..,..,..,..,..,..,..,40.9,..,..,..,38.1,..,..,..,..,38.8,..,..,..,..,37.4,..
Bolivia,BOL,GINI index (World Bank estimate),SI.POV.GINI,..,..,..,..,..,..,..,..,..,..,..,..,..,..,..,..,..,..,..,..,..,..,..,..,..,..,..,..,..,..,42,..,..,..,..,..,..,58.2,..,58.1,61.6,57.4,59.3,..,55,58.5,56.7,54.5,50.8,49.2,..,46.1,46.6,47.6,47.8,46.7,44.6,44,..
Bosnia and Herzegovina,BIH,GINI index (World Bank estimate),SI.POV.GINI,..,..,..,..,..,..,..,..,..,..,..,..,..,..,..,..,..,..,..,..,..,..,..,..,..,..,..,..,..,..,..,..,..,..,..,..,..,..,..,..,..,30,..,..,34,..,..,33.1,..,..,..,33,..,..,..,..,..,..,..
Botswana,BWA,GINI index (World Bank estimate),SI.POV.GINI,..,..,..,..,..,..,..,..,..,..,..,..,..,..,..,..,..,..,..,..,..,..,..,..,..,54.2,..,..,..,..,..,..,..,60.8,..,..,..,..,..,..,..,..,64.7,..,..,..,..,..,..,60.5,..,..,..,..,..,53.3,..,..,..
Brazil,BRA,GINI index (World Bank estimate),SI.POV.GINI,..,..,..,..,..,..,..,..,..,..,..,..,..,..,..,..,..,..,..,..,..,58,58.4,59,58.4,55.6,58.5,59.7,61.4,63.3,60.5,..,53.2,60.1,..,59.6,59.9,59.8,59.6,59,..,58.4,58.1,57.6,56.5,56.3,55.6,54.9,54,53.7,..,52.9,52.7,52.8,51.5,51.3,53.7,53.3,..
British Virgin Islands,VGB,GINI index (World Bank estimate),SI.POV.GINI,..,..,..,..,..,..,..,..,..,..,..,..,..,..,..,..,..,..,..,..,..,..,..,..,..,..,..,..,..,..,..,..,..,..,..,..,..,..,..,..,..,..,..,..,..,..,..,..,..,..,..,..,..,..,..,..,..,..,..
Brunei Darussalam,BRN,GINI index (World Bank estimate),SI.POV.GINI,..,..,..,..,..,..,..,..,..,..,..,..,..,..,..,..,..,..,..,..,..,..,..,..,..,..,..,..,..,..,..,..,..,..,..,..,..,..,..,..,..,..,..,..,..,..,..,..,..,..,..,..,..,..,..,..,..,..,..
Bulgaria,BGR,GINI index (World Bank estimate),SI.POV.GINI,..,..,..,..,..,..,..,..,..,..,..,..,..,..,..,..,..,..,..,..,..,..,..,..,..,..,..,..,..,..,..,..,30.7,..,..,..,..,..,..,..,..,..,..,..,..,..,35.7,36.1,33.6,33.8,35.7,34.3,36,36.6,37.4,..,..,..,..
Burkina Faso,BFA,GINI index (World Bank estimate),SI.POV.GINI,..,..,..,..,..,..,..,..,..,..,..,..,..,..,..,..,..,..,..,..,..,..,..,..,..,..,..,..,..,..,..,..,..,..,48.1,..,..,..,49.9,..,..,..,..,43.3,..,..,..,..,..,39.8,..,..,..,..,35.3,..,..,..,..
Burundi,BDI,GINI index (World Bank estimate),SI.POV.GINI,..,..,..,..,..,..,..,..,..,..,..,..,..,..,..,..,..,..,..,..,..,..,..,..,..,..,..,..,..,..,..,..,33.3,..,..,..,..,..,42.3,..,..,..,..,..,..,..,33.4,..,..,..,..,..,..,38.6,..,..,..,..,..
Cabo Verde,CPV,GINI index (World Bank estimate),SI.POV.GINI,..,..,..,..,..,..,..,..,..,..,..,..,..,..,..,..,..,..,..,..,..,..,..,..,..,..,..,..,..,..,..,..,..,..,..,..,..,..,..,..,..,52.5,..,..,..,..,..,47.2,..,..,..,..,..,..,..,..,..,..,..
Cambodia,KHM,GINI index (World Bank estimate),SI.POV.GINI,..,..,..,..,..,..,..,..,..,..,..,..,..,..,..,..,..,..,..,..,..,..,..,..,..,..,..,..,..,..,..,..,..,..,..,..,..,..,..,..,..,..,..,..,..,..,..,..,..,..,..,..,..,..,..,..,..,..,..
Cameroon,CMR,GINI index (World Bank estimate),SI.POV.GINI,..,..,..,..,..,..,..,..,..,..,..,..,..,..,..,..,..,..,..,..,..,..,..,..,..,..,..,..,..,..,..,..,..,..,..,..,44.4,..,..,..,..,42.1,..,..,..,..,..,42.8,..,..,..,..,..,..,46.6,..,..,..,..
Canada,CAN,GINI index (World Bank estimate),SI.POV.GINI,..,..,..,..,..,..,..,..,..,..,..,..,..,..,..,..,..,..,..,..,..,32.4,..,..,..,..,..,31.5,..,..,..,31,..,..,31.3,..,..,31.6,33.2,..,33.3,..,..,..,33.7,..,..,33.8,..,..,33.6,..,..,34,..,..,..,..,..
Cayman Islands,CYM,GINI index (World Bank estimate),SI.POV.GINI,..,..,..,..,..,..,..,..,..,..,..,..,..,..,..,..,..,..,..,..,..,..,..,..,..,..,..,..,..,..,..,..,..,..,..,..,..,..,..,..,..,..,..,..,..,..,..,..,..,..,..,..,..,..,..,..,..,..,..
Central African Republic,CAF,GINI index (World Bank estimate),SI.POV.GINI,..,..,..,..,..,..,..,..,..,..,..,..,..,..,..,..,..,..,..,..,..,..,..,..,..,..,..,..,..,..,..,..,61.3,..,..,..,..,..,..,..,..,..,..,43.6,..,..,..,..,56.2,..,..,..,..,..,..,..,..,..,..
Chad,TCD,GINI index (World Bank estimate),SI.POV.GINI,..,..,..,..,..,..,..,..,..,..,..,..,..,..,..,..,..,..,..,..,..,..,..,..,..,..,..,..,..,..,..,..,..,..,..,..,..,..,..,..,..,..,..,39.8,..,..,..,..,..,..,..,43.3,..,..,..,..,..,..,..
Channel Islands,CHI,GINI index (World Bank estimate),SI.POV.GINI,..,..,..,..,..,..,..,..,..,..,..,..,..,..,..,..,..,..,..,..,..,..,..,..,..,..,..,..,..,..,..,..,..,..,..,..,..,..,..,..,..,..,..,..,..,..,..,..,..,..,..,..,..,..,..,..,..,..,..
Chile,CHL,GINI index (World Bank estimate),SI.POV.GINI,..,..,..,..,..,..,..,..,..,..,..,..,..,..,..,..,..,..,..,..,..,..,..,..,..,..,..,56.2,..,..,57.2,..,54.8,..,56.4,..,54.9,..,55.5,..,52.8,..,..,51.5,..,..,48.2,..,..,49,..,47.6,..,47.3,..,47.7,..,46.6,..
China,CHN,GINI index (World Bank estimate),SI.POV.GINI,..,..,..,..,..,..,..,..,..,..,..,..,..,..,..,..,..,..,..,..,..,..,..,..,..,..,..,..,..,..,32.3,..,..,..,..,..,35.3,..,..,38.7,..,..,42.1,..,..,41,..,..,42.9,..,43.7,42.4,42.2,39.7,39.1,38.6,..,..,..
Colombia,COL,GINI index (World Bank estimate),SI.POV.GINI,..,..,..,..,..,..,..,..,..,..,..,..,..,..,..,..,..,..,..,..,..,..,..,..,..,..,..,..,..,..,..,..,51.5,..,..,..,56.9,..,..,58.7,58.7,57.2,55.8,53.4,54.8,53.7,..,..,55.5,54.4,54.7,53.5,52.7,52.8,52.7,51.1,50.8,49.7,..
Comoros,COM,GINI index (World Bank estimate),SI.POV.GINI,..,..,..,..,..,..,..,..,..,..,..,..,..,..,..,..,..,..,..,..,..,..,..,..,..,..,..,..,..,..,..,..,..,..,..,..,..,..,..,..,..,..,..,..,55.9,..,..,..,..,..,..,..,..,45.3,..,..,..,..,..
"Congo, Dem. Rep.",COD,GINI index (World Bank estimate),SI.POV.GINI,..,..,..,..,..,..,..,..,..,..,..,..,..,..,..,..,..,..,..,..,..,..,..,..,..,..,..,..,..,..,..,..,..,..,..,..,..,..,..,..,..,..,..,..,42.2,..,..,..,..,..,..,..,42.1,..,..,..,..,..,..
"Congo, Rep.",COG,GINI index (World Bank estimate),SI.POV.GINI,..,..,..,..,..,..,..,..,..,..,..,..,..,..,..,..,..,..,..,..,..,..,..,..,..,..,..,..,..,..,..,..,..,..,..,..,..,..,..,..,..,..,..,..,..,47.3,..,..,..,..,..,48.9,..,..,..,..,..,..,..
Costa Rica,CRI,GINI index (World Bank estimate),SI.POV.GINI,..,..,..,..,..,..,..,..,..,..,..,..,..,..,..,..,..,..,..,..,..,47.5,..,..,..,..,34.4,..,..,46.7,45.3,46.6,45.7,46,46.8,45.7,46.5,45.6,45.7,47.7,47.4,51.6,51.9,49.3,48.3,47.5,49.4,49.3,48.7,50.6,48.2,48.7,48.6,49.3,48.6,48.4,48.7,48.3,..
Cote d'Ivoire,CIV,GINI index (World Bank estimate),SI.POV.GINI,..,..,..,..,..,..,..,..,..,..,..,..,..,..,..,..,..,..,..,..,..,..,..,..,..,45.5,38,40.5,36.9,..,..,..,39.4,..,..,40.6,..,..,39,..,..,..,41.3,..,..,..,..,..,43.2,..,..,..,..,..,..,41.5,..,..,..
Croatia,HRV,GINI index (World Bank estimate),SI.POV.GINI,..,..,..,..,..,..,..,..,..,..,..,..,..,..,..,..,..,..,..,..,..,..,..,..,..,..,..,..,22.8,..,..,..,..,..,..,..,..,..,..,..,..,..,..,..,..,..,..,..,..,32.6,32.4,32.3,32.5,32,32.1,31.1,..,..,..
Cuba,CUB,GINI index (World Bank estimate),SI.POV.GINI,..,..,..,..,..,..,..,..,..,..,..,..,..,..,..,..,..,..,..,..,..,..,..,..,..,..,..,..,..,..,..,..,..,..,..,..,..,..,..,..,..,..,..,..,..,..,..,..,..,..,..,..,..,..,..,..,..,..,..
Curacao,CUW,GINI index (World Bank estimate),SI.POV.GINI,..,..,..,..,..,..,..,..,..,..,..,..,..,..,..,..,..,..,..,..,..,..,..,..,..,..,..,..,..,..,..,..,..,..,..,..,..,..,..,..,..,..,..,..,..,..,..,..,..,..,..,..,..,..,..,..,..,..,..
Cyprus,CYP,GINI index (World Bank estimate),SI.POV.GINI,..,..,..,..,..,..,..,..,..,..,..,..,..,..,..,..,..,..,..,..,..,..,..,..,..,..,..,..,..,..,..,..,..,..,..,..,..,..,..,..,..,..,..,..,30.1,30.3,31.1,31.1,31.7,32.1,31.5,32.6,34.3,37,35.6,34,..,..,..
Czech Republic,CZE,GINI index (World Bank estimate),SI.POV.GINI,..,..,..,..,..,..,..,..,..,..,..,..,..,..,..,..,..,..,..,..,..,..,..,..,..,..,..,..,..,..,..,..,..,26.6,..,..,25.8,..,..,..,..,..,..,..,27.5,26.9,26.7,26,26.3,26.2,26.6,26.4,26.1,26.5,25.9,25.9,..,..,..
Denmark,DNK,GINI index (World Bank estimate),SI.POV.GINI,..,..,..,..,..,..,..,..,..,..,..,..,..,..,..,..,..,..,..,..,..,..,..,..,..,..,..,..,..,..,..,..,..,..,..,..,..,..,..,..,..,..,..,25.6,24.9,25.2,25.9,26.2,25.2,26.7,27.2,27.3,27.8,28.5,28.4,28.2,..,..,..
Djibouti,DJI,GINI index (World Bank estimate),SI.POV.GINI,..,..,..,..,..,..,..,..,..,..,..,..,..,..,..,..,..,..,..,..,..,..,..,..,..,..,..,..,..,..,..,..,..,..,..,..,..,..,..,..,..,..,40,..,..,..,..,..,..,..,..,..,45.1,44.1,..,..,..,41.6,..
Dominica,DMA,GINI index (World Bank estimate),SI.POV.GINI,..,..,..,..,..,..,..,..,..,..,..,..,..,..,..,..,..,..,..,..,..,..,..,..,..,..,..,..,..,..,..,..,..,..,..,..,..,..,..,..,..,..,..,..,..,..,..,..,..,..,..,..,..,..,..,..,..,..,..
Dominican Republic,DOM,GINI index (World Bank estimate),SI.POV.GINI,..,..,..,..,..,..,..,..,..,..,..,..,..,..,..,..,..,..,..,..,..,..,..,..,..,..,47.8,..,..,50.5,..,..,51.4,..,..,..,47.4,48.9,..,..,51.5,50,49.7,52.1,52.1,50,52,48.9,48.1,48.9,47.3,47.7,46.1,47.7,44.3,45.2,45.7,..,..
Ecuador,ECU,GINI index (World Bank estimate),SI.POV.GINI,..,..,..,..,..,..,..,..,..,..,..,..,..,..,..,..,..,..,..,..,..,..,..,..,..,..,..,50.5,..,..,..,..,..,..,53.4,..,..,..,49.7,58.6,56.4,..,..,53.4,53.9,53.1,52.2,53.3,49.7,48.4,48.7,45.9,46.1,46.9,45,46,45,44.7,..
"Egypt, Arab Rep.",EGY,GINI index (World Bank estimate),SI.POV.GINI,..,..,..,..,..,..,..,..,..,..,..,..,..,..,..,..,..,..,..,..,..,..,..,..,..,..,..,..,..,..,32,..,..,..,..,30.1,..,..,..,32.8,..,..,..,..,31.8,..,..,..,31.1,..,31.5,..,29.8,..,..,31.8,..,..,..
El Salvador,SLV,GINI index (World Bank estimate),SI.POV.GINI,..,..,..,..,..,..,..,..,..,..,..,..,..,..,..,..,..,..,..,..,..,..,..,..,..,..,..,..,..,..,..,54,..,..,..,49.9,51,..,54.5,52.2,51.5,51.4,51.9,50.4,47.8,48.5,45.7,45.2,46.9,45.8,43.5,42.3,41.8,43.4,41.6,40.6,40,38,..
Equatorial Guinea,GNQ,GINI index (World Bank estimate),SI.POV.GINI,..,..,..,..,..,..,..,..,..,..,..,..,..,..,..,..,..,..,..,..,..,..,..,..,..,..,..,..,..,..,..,..,..,..,..,..,..,..,..,..,..,..,..,..,..,..,..,..,..,..,..,..,..,..,..,..,..,..,..
Eritrea,ERI,GINI index (World Bank estimate),SI.POV.GINI,..,..,..,..,..,..,..,..,..,..,..,..,..,..,..,..,..,..,..,..,..,..,..,..,..,..,..,..,..,..,..,..,..,..,..,..,..,..,..,..,..,..,..,..,..,..,..,..,..,..,..,..,..,..,..,..,..,..,..
Estonia,EST,GINI index (World Bank estimate),SI.POV.GINI,..,..,..,..,..,..,..,..,..,..,..,..,..,..,..,..,..,..,..,..,..,..,..,..,..,..,..,..,..,..,..,..,..,39.5,..,..,..,..,..,..,..,..,..,37.2,33.6,33.4,33.7,31.2,31.9,31.4,32,32.5,32.9,35.1,34.6,32.7,..,..,..
Eswatini,SWZ,GINI index (World Bank estimate),SI.POV.GINI,..,..,..,..,..,..,..,..,..,..,..,..,..,..,..,..,..,..,..,..,..,..,..,..,..,..,..,..,..,..,..,..,..,..,60.5,..,..,..,..,..,53.1,..,..,..,..,..,..,..,..,51.5,..,..,..,..,..,..,..,..,..
Ethiopia,ETH,GINI index (World Bank estimate),SI.POV.GINI,..,..,..,..,..,..,..,..,..,..,..,..,..,..,..,..,..,..,..,..,..,..,..,..,..,..,..,..,..,..,..,..,..,..,..,44.6,..,..,..,30,..,..,..,..,29.8,..,..,..,..,..,33.2,..,..,..,..,39.1,..,..,..
Faroe Islands,FRO,GINI index (World Bank estimate),SI.POV.GINI,..,..,..,..,..,..,..,..,..,..,..,..,..,..,..,..,..,..,..,..,..,..,..,..,..,..,..,..,..,..,..,..,..,..,..,..,..,..,..,..,..,..,..,..,..,..,..,..,..,..,..,..,..,..,..,..,..,..,..
Fiji,FJI,GINI index (World Bank estimate),SI.POV.GINI,..,..,..,..,..,..,..,..,..,..,..,..,..,..,..,..,..,..,..,..,..,..,..,..,..,..,..,..,..,..,..,..,..,..,..,..,..,..,..,..,..,..,38.1,..,..,..,..,..,40.4,..,..,..,..,36.7,..,..,..,..,..
Finland,FIN,GINI index (World Bank estimate),SI.POV.GINI,..,..,..,..,..,..,..,..,..,..,..,..,..,..,..,..,..,..,..,..,..,..,..,..,..,..,..,..,..,..,..,..,..,..,..,..,..,..,..,..,..,..,..,27.7,27.9,27.6,28,28.3,27.8,27.5,27.7,27.6,27.1,27.2,26.8,27.1,..,..,..
France,FRA,GINI index (World Bank estimate),SI.POV.GINI,..,..,..,..,..,..,..,..,..,..,..,..,..,..,..,..,..,..,..,..,..,..,..,..,..,..,..,..,..,..,..,..,..,..,..,..,..,..,..,..,..,..,..,31.4,30.6,29.8,29.7,32.4,33,32.7,33.7,33.3,33.1,32.5,32.3,32.7,..,..,..
French Polynesia,PYF,GINI index (World Bank estimate),SI.POV.GINI,..,..,..,..,..,..,..,..,..,..,..,..,..,..,..,..,..,..,..,..,..,..,..,..,..,..,..,..,..,..,..,..,..,..,..,..,..,..,..,..,..,..,..,..,..,..,..,..,..,..,..,..,..,..,..,..,..,..,..
Gabon,GAB,GINI index (World Bank estimate),SI.POV.GINI,..,..,..,..,..,..,..,..,..,..,..,..,..,..,..,..,..,..,..,..,..,..,..,..,..,..,..,..,..,..,..,..,..,..,..,..,..,..,..,..,..,..,..,..,..,42.2,..,..,..,..,..,..,..,..,..,..,..,38,..
"Gambia, The",GMB,GINI index (World Bank estimate),SI.POV.GINI,..,..,..,..,..,..,..,..,..,..,..,..,..,..,..,..,..,..,..,..,..,..,..,..,..,..,..,..,..,..,..,..,..,..,..,..,..,..,48.5,..,..,..,..,47.3,..,..,..,..,..,..,43.6,..,..,..,..,35.9,..,..,..
Georgia,GEO,GINI index (World Bank estimate),SI.POV.GINI,..,..,..,..,..,..,..,..,..,..,..,..,..,..,..,..,..,..,..,..,..,..,..,..,..,..,..,..,..,..,..,..,..,..,..,..,37.1,40.7,41.3,40.1,40.5,39.6,37.2,36.7,36.2,37.4,36.9,38.1,38.5,38.2,39.5,39.6,39,38.6,37.6,36.5,36.6,37.9,..
Germany,DEU,GINI index (World Bank estimate),SI.POV.GINI,..,..,..,..,..,..,..,..,..,..,..,..,..,..,..,..,..,..,..,..,..,..,..,..,..,..,..,..,..,..,..,29.2,..,..,29.2,29,..,..,28.3,..,28.8,30.3,30,30.3,30.4,32.3,31.3,31.3,31.2,30.5,30.2,30.5,..,31.1,..,31.7,..,..,..
Ghana,GHA,GINI index (World Bank estimate),SI.POV.GINI,..,..,..,..,..,..,..,..,..,..,..,..,..,..,..,..,..,..,..,..,..,..,..,..,..,..,..,35.3,36,..,..,38.4,..,..,..,..,..,..,40.1,..,..,..,..,..,..,42.8,..,..,..,..,..,..,42.4,..,..,..,43.5,..,..
Gibraltar,GIB,GINI index (World Bank estimate),SI.POV.GINI,..,..,..,..,..,..,..,..,..,..,..,..,..,..,..,..,..,..,..,..,..,..,..,..,..,..,..,..,..,..,..,..,..,..,..,..,..,..,..,..,..,..,..,..,..,..,..,..,..,..,..,..,..,..,..,..,..,..,..
Greece,GRC,GINI index (World Bank estimate),SI.POV.GINI,..,..,..,..,..,..,..,..,..,..,..,..,..,..,..,..,..,..,..,..,..,..,..,..,..,..,..,..,..,..,..,..,..,..,..,..,..,..,..,..,..,..,..,32.8,33.6,34.6,35.1,34,33.6,33.6,34.1,34.8,36.2,36.1,35.8,36,..,..,..
Greenland,GRL,GINI index (World Bank estimate),SI.POV.GINI,..,..,..,..,..,..,..,..,..,..,..,..,..,..,..,..,..,..,..,..,..,..,..,..,..,..,..,..,..,..,..,..,..,..,..,..,..,..,..,..,..,..,..,..,..,..,..,..,..,..,..,..,..,..,..,..,..,..,..
Grenada,GRD,GINI index (World Bank estimate),SI.POV.GINI,..,..,..,..,..,..,..,..,..,..,..,..,..,..,..,..,..,..,..,..,..,..,..,..,..,..,..,..,..,..,..,..,..,..,..,..,..,..,..,..,..,..,..,..,..,..,..,..,..,..,..,..,..,..,..,..,..,..,..
Guam,GUM,GINI index (World Bank estimate),SI.POV.GINI,..,..,..,..,..,..,..,..,..,..,..,..,..,..,..,..,..,..,..,..,..,..,..,..,..,..,..,..,..,..,..,..,..,..,..,..,..,..,..,..,..,..,..,..,..,..,..,..,..,..,..,..,..,..,..,..,..,..,..
Guatemala,GTM,GINI index (World Bank estimate),SI.POV.GINI,..,..,..,..,..,..,..,..,..,..,..,..,..,..,..,..,..,..,..,..,..,..,..,..,..,..,58.3,..,..,59.6,..,..,..,..,..,..,..,..,..,..,54.2,..,..,..,..,..,54.6,..,..,..,..,..,..,..,48.3,..,..,..,..
Guinea,GIN,GINI index (World Bank estimate),SI.POV.GINI,..,..,..,..,..,..,..,..,..,..,..,..,..,..,..,..,..,..,..,..,..,..,..,..,..,..,..,..,..,..,..,46.8,..,..,46.1,..,..,..,..,..,..,..,43,..,..,..,..,39.4,..,..,..,..,33.7,..,..,..,..,..,..
Guinea-Bissau,GNB,GINI index (World Bank estimate),SI.POV.GINI,..,..,..,..,..,..,..,..,..,..,..,..,..,..,..,..,..,..,..,..,..,..,..,..,..,..,..,..,..,..,..,..,..,43.6,..,..,..,..,..,..,..,..,35.6,..,..,..,..,..,..,..,50.7,..,..,..,..,..,..,..,..
Guyana,GUY,GINI index (World Bank estimate),SI.POV.GINI,..,..,..,..,..,..,..,..,..,..,..,..,..,..,..,..,..,..,..,..,..,..,..,..,..,..,..,..,..,..,..,..,..,..,..,..,..,..,44.6,..,..,..,..,..,..,..,..,..,..,..,..,..,..,..,..,..,..,..,..
Haiti,HTI,GINI index (World Bank estimate),SI.POV.GINI,..,..,..,..,..,..,..,..,..,..,..,..,..,..,..,..,..,..,..,..,..,..,..,..,..,..,..,..,..,..,..,..,..,..,..,..,..,..,..,..,..,..,..,..,..,..,..,..,..,..,..,..,41.1,..,..,..,..,..,..
Honduras,HND,GINI index (World Bank estimate),SI.POV.GINI,..,..,..,..,..,..,..,..,..,..,..,..,..,..,..,..,..,..,..,..,..,..,..,..,..,..,..,..,..,59.5,57.4,51.9,51.8,53.5,55,55.5,55.7,52.7,57.4,55.4,..,55.6,55.7,58.1,58.1,59.5,57.5,55.8,55.5,51.3,53.1,56.2,56.1,52.6,50.4,49.6,50,50.5,..
"Hong Kong SAR, China",HKG,GINI index (World Bank estimate),SI.POV.GINI,..,..,..,..,..,..,..,..,..,..,..,..,..,..,..,..,..,..,..,..,..,..,..,..,..,..,..,..,..,..,..,..,..,..,..,..,..,..,..,..,..,..,..,..,..,..,..,..,..,..,..,..,..,..,..,..,..,..,..
Hungary,HUN,GINI index (World Bank estimate),SI.POV.GINI,..,..,..,..,..,..,..,..,..,..,..,..,..,..,..,..,..,..,..,..,..,..,..,..,..,..,..,21,..,25,..,..,..,27.9,..,..,..,..,..,..,..,..,..,..,29.9,34.7,28.3,27.9,27.5,27,29.4,29.2,30.8,31.5,30.9,30.4,..,..,..
Iceland,ISL,GINI index (World Bank estimate),SI.POV.GINI,..,..,..,..,..,..,..,..,..,..,..,..,..,..,..,..,..,..,..,..,..,..,..,..,..,..,..,..,..,..,..,..,..,..,..,..,..,..,..,..,..,..,..,26.8,28,29,30.2,29.5,31.8,28.7,26.2,26.8,26.8,25.4,27.8,..,..,..,..
India,IND,GINI index (World Bank estimate),SI.POV.GINI,..,..,..,..,..,..,..,..,..,..,..,..,..,..,..,..,..,..,..,..,..,..,..,32.1,..,..,..,32.5,..,..,..,..,..,31.7,..,..,..,..,..,..,..,..,..,..,34.4,..,..,..,..,35.4,..,35.7,..,..,..,..,..,..,..
Indonesia,IDN,GINI index (World Bank estimate),SI.POV.GINI,..,..,..,..,..,..,..,..,..,..,..,..,..,..,..,..,..,..,..,..,..,..,..,..,32.4,..,..,30.6,..,..,31.2,..,..,32,..,..,34.4,..,31.1,31,28.5,29,31.7,31.8,32.7,33,34.2,35.7,35.1,35.1,36.4,39.7,39.6,39.9,39.4,39.7,38.6,38.1,..
"Iran, Islamic Rep.",IRN,GINI index (World Bank estimate),SI.POV.GINI,..,..,..,..,..,..,..,..,..,..,..,..,..,..,..,..,..,..,..,..,..,..,..,..,..,..,47.4,..,..,..,43.6,..,..,..,43,..,..,..,44.1,..,..,..,..,..,..,43.6,44.8,..,..,42.1,..,..,..,37.4,38.8,39.5,40,..,..
Iraq,IRQ,GINI index (World Bank estimate),SI.POV.GINI,..,..,..,..,..,..,..,..,..,..,..,..,..,..,..,..,..,..,..,..,..,..,..,..,..,..,..,..,..,..,..,..,..,..,..,..,..,..,..,..,..,..,..,..,..,..,28.6,..,..,..,..,..,29.5,..,..,..,..,..,..
Ireland,IRL,GINI index (World Bank estimate),SI.POV.GINI,..,..,..,..,..,..,..,..,..,..,..,..,..,..,..,..,..,..,..,..,..,..,..,..,..,..,..,..,..,..,..,..,..,..,..,..,..,..,..,..,..,..,..,32.9,33.6,33.7,32.7,31.9,30.9,32.7,32.3,32.9,33.2,33.5,31.9,31.8,..,..,..
Isle of Man,IMN,GINI index (World Bank estimate),SI.POV.GINI,..,..,..,..,..,..,..,..,..,..,..,..,..,..,..,..,..,..,..,..,..,..,..,..,..,..,..,..,..,..,..,..,..,..,..,..,..,..,..,..,..,..,..,..,..,..,..,..,..,..,..,..,..,..,..,..,..,..,..
Israel,ISR,GINI index (World Bank estimate),SI.POV.GINI,..,..,..,..,..,..,..,..,..,..,..,..,..,..,..,..,..,..,..,36.3,..,..,..,..,..,..,36.5,..,..,..,..,..,35.5,..,..,..,..,38.1,..,..,..,38.9,..,..,..,41.7,..,41,..,..,42.6,..,41.4,..,39.8,..,38.9,..,..
Italy,ITA,GINI index (World Bank estimate),SI.POV.GINI,..,..,..,..,..,..,..,..,..,..,..,..,..,..,..,..,..,..,..,..,..,..,..,..,..,..,..,..,..,..,..,..,..,..,..,..,..,..,..,..,..,..,..,34.9,34.3,33.8,33.7,32.9,33.8,33.8,34.7,35.1,35.2,34.9,34.7,35.4,..,..,..
Jamaica,JAM,GINI index (World Bank estimate),SI.POV.GINI,..,..,..,..,..,..,..,..,..,..,..,..,..,..,..,..,..,..,..,..,..,..,..,..,..,..,..,..,43.2,..,41.1,..,..,35.7,..,..,40.4,..,..,44.1,..,..,48.3,..,45.5,..,..,..,..,..,..,..,..,..,..,..,..,..,..
Japan,JPN,GINI index (World Bank estimate),SI.POV.GINI,..,..,..,..,..,..,..,..,..,..,..,..,..,..,..,..,..,..,..,..,..,..,..,..,..,..,..,..,..,..,..,..,..,..,..,..,..,..,..,..,..,..,..,..,..,..,..,..,32.1,..,..,..,..,..,..,..,..,..,..
Jordan,JOR,GINI index (World Bank estimate),SI.POV.GINI,..,..,..,..,..,..,..,..,..,..,..,..,..,..,..,..,..,..,..,..,..,..,..,..,..,..,36.1,..,..,..,..,..,43.4,..,..,..,..,36.4,..,..,..,..,37,..,..,..,33.9,..,32.6,..,33.7,..,..,..,..,..,..,..,..
Kazakhstan,KAZ,GINI index (World Bank estimate),SI.POV.GINI,..,..,..,..,..,..,..,..,..,..,..,..,..,..,..,..,..,..,..,..,..,..,..,..,..,..,..,..,..,..,..,..,..,..,..,..,35.4,..,..,..,..,36,34.8,33.7,31.8,39.8,30.2,30.1,28.5,28.2,28,28,28.2,27.1,27,26.8,27.2,27.5,..
Kenya,KEN,GINI index (World Bank estimate),SI.POV.GINI,..,..,..,..,..,..,..,..,..,..,..,..,..,..,..,..,..,..,..,..,..,..,..,..,..,..,..,..,..,..,..,..,57.5,..,43.1,..,..,45,..,..,..,..,..,..,..,46.5,..,..,..,..,..,..,..,..,..,40.8,..,..,..
Kiribati,KIR,GINI index (World Bank estimate),SI.POV.GINI,..,..,..,..,..,..,..,..,..,..,..,..,..,..,..,..,..,..,..,..,..,..,..,..,..,..,..,..,..,..,..,..,..,..,..,..,..,..,..,..,..,..,..,..,..,..,37,..,..,..,..,..,..,..,..,..,..,..,..
"Korea, Dem. People’s Rep.",PRK,GINI index (World Bank estimate),SI.POV.GINI,..,..,..,..,..,..,..,..,..,..,..,..,..,..,..,..,..,..,..,..,..,..,..,..,..,..,..,..,..,..,..,..,..,..,..,..,..,..,..,..,..,..,..,..,..,..,..,..,..,..,..,..,..,..,..,..,..,..,..
"Korea, Rep.",KOR,GINI index (World Bank estimate),SI.POV.GINI,..,..,..,..,..,..,..,..,..,..,..,..,..,..,..,..,..,..,..,..,..,..,..,..,..,..,..,..,..,..,..,..,..,..,..,..,..,..,..,..,..,..,..,..,..,..,31.7,..,32.3,..,32,..,31.6,..,..,..,..,..,..
Kosovo,XKX,GINI index (World Bank estimate),SI.POV.GINI,..,..,..,..,..,..,..,..,..,..,..,..,..,..,..,..,..,..,..,..,..,..,..,..,..,..,..,..,..,..,..,..,..,..,..,..,..,..,..,..,..,..,..,29,..,31.2,30.3,..,..,31.8,33.3,27.8,29,26.3,27.3,26.5,26.7,29,..
Kuwait,KWT,GINI index (World Bank estimate),SI.POV.GINI,..,..,..,..,..,..,..,..,..,..,..,..,..,..,..,..,..,..,..,..,..,..,..,..,..,..,..,..,..,..,..,..,..,..,..,..,..,..,..,..,..,..,..,..,..,..,..,..,..,..,..,..,..,..,..,..,..,..,..
Kyrgyz Republic,KGZ,GINI index (World Bank estimate),SI.POV.GINI,..,..,..,..,..,..,..,..,..,..,..,..,..,..,..,..,..,..,..,..,..,..,..,..,..,..,..,..,..,..,..,..,..,..,..,..,..,..,46.4,..,31,30.2,30.3,28.7,34.8,32.6,37.4,33.9,31.5,29.9,30.1,27.8,27.4,28.8,26.8,29,26.8,27.3,..
Lao PDR,LAO,GINI index (World Bank estimate),SI.POV.GINI,..,..,..,..,..,..,..,..,..,..,..,..,..,..,..,..,..,..,..,..,..,..,..,..,..,..,..,..,..,..,..,..,34.3,..,..,..,..,34.9,..,..,..,..,32.6,..,..,..,..,35.4,..,..,..,..,36.4,..,..,..,..,..,..
Latvia,LVA,GINI index (World Bank estimate),SI.POV.GINI,..,..,..,..,..,..,..,..,..,..,..,..,..,..,..,..,..,..,..,..,..,..,..,..,..,..,..,..,..,..,..,..,..,27,..,31,31.6,..,..,..,..,..,..,..,36.4,39,35.6,37.5,37.2,35.9,35,35.8,35.2,35.5,35.1,34.2,..,..,..
Lebanon,LBN,GINI index (World Bank estimate),SI.POV.GINI,..,..,..,..,..,..,..,..,..,..,..,..,..,..,..,..,..,..,..,..,..,..,..,..,..,..,..,..,..,..,..,..,..,..,..,..,..,..,..,..,..,..,..,..,..,..,..,..,..,..,..,31.8,..,..,..,..,..,..,..
Lesotho,LSO,GINI index (World Bank estimate),SI.POV.GINI,..,..,..,..,..,..,..,..,..,..,..,..,..,..,..,..,..,..,..,..,..,..,..,..,..,..,56,..,..,..,..,..,..,..,63.2,..,..,..,..,..,..,..,51.6,..,..,..,..,..,..,..,54.2,..,..,..,..,..,..,..,..
Liberia,LBR,GINI index (World Bank estimate),SI.POV.GINI,..,..,..,..,..,..,..,..,..,..,..,..,..,..,..,..,..,..,..,..,..,..,..,..,..,..,..,..,..,..,..,..,..,..,..,..,..,..,..,..,..,..,..,..,..,..,..,36.5,..,..,..,..,..,..,33.2,..,35.3,..,..
Libya,LBY,GINI index (World Bank estimate),SI.POV.GINI,..,..,..,..,..,..,..,..,..,..,..,..,..,..,..,..,..,..,..,..,..,..,..,..,..,..,..,..,..,..,..,..,..,..,..,..,..,..,..,..,..,..,..,..,..,..,..,..,..,..,..,..,..,..,..,..,..,..,..
Liechtenstein,LIE,GINI index (World Bank estimate),SI.POV.GINI,..,..,..,..,..,..,..,..,..,..,..,..,..,..,..,..,..,..,..,..,..,..,..,..,..,..,..,..,..,..,..,..,..,..,..,..,..,..,..,..,..,..,..,..,..,..,..,..,..,..,..,..,..,..,..,..,..,..,..
Lithuania,LTU,GINI index (World Bank estimate),SI.POV.GINI,..,..,..,..,..,..,..,..,..,..,..,..,..,..,..,..,..,..,..,..,..,..,..,..,..,..,..,..,..,..,..,..,..,33.6,..,..,..,..,..,..,..,..,..,..,37,35.3,34.4,34.8,35.7,37.2,33.6,32.5,35.1,35.3,37.7,37.4,..,..,..
Luxembourg,LUX,GINI index (World Bank estimate),SI.POV.GINI,..,..,..,..,..,..,..,..,..,..,..,..,..,..,..,..,..,..,..,..,..,..,..,..,..,..,..,..,..,..,..,..,..,..,..,..,..,..,..,..,..,..,..,30.2,30.2,30.8,30.9,31.1,32.6,31.2,30.5,32.1,34.3,32,31.2,33.8,..,..,..
"Macao SAR, China",MAC,GINI index (World Bank estimate),SI.POV.GINI,..,..,..,..,..,..,..,..,..,..,..,..,..,..,..,..,..,..,..,..,..,..,..,..,..,..,..,..,..,..,..,..,..,..,..,..,..,..,..,..,..,..,..,..,..,..,..,..,..,..,..,..,..,..,..,..,..,..,..
Madagascar,MDG,GINI index (World Bank estimate),SI.POV.GINI,..,..,..,..,..,..,..,..,..,..,..,..,..,..,..,..,..,..,..,..,46.8,..,..,..,..,..,..,..,..,..,..,..,..,45.3,..,..,..,39.5,..,38.6,..,47.4,..,..,..,39.9,..,..,..,..,42.4,..,42.6,..,..,..,..,..,..
Malawi,MWI,GINI index (World Bank estimate),SI.POV.GINI,..,..,..,..,..,..,..,..,..,..,..,..,..,..,..,..,..,..,..,..,..,..,..,..,..,..,..,..,..,..,..,..,..,..,..,..,..,65.8,..,..,..,..,..,..,39.9,..,..,..,..,..,45.5,..,..,..,..,..,44.7,..,..
Malaysia,MYS,GINI index (World Bank estimate),SI.POV.GINI,..,..,..,..,..,..,..,..,..,..,..,..,..,..,..,..,..,..,..,..,..,..,..,..,48.6,..,..,47,..,46.2,..,..,47.7,..,..,48.5,..,49.1,..,..,..,..,..,..,46.1,..,..,46.1,45.5,..,..,43.9,..,41.3,..,41,..,..,..
Maldives,MDV,GINI index (World Bank estimate),SI.POV.GINI,..,..,..,..,..,..,..,..,..,..,..,..,..,..,..,..,..,..,..,..,..,..,..,..,..,..,..,..,..,..,..,..,..,..,..,..,..,..,..,..,..,..,41.3,..,..,..,..,..,..,38.4,..,..,..,..,..,..,..,..,..
Mali,MLI,GINI index (World Bank estimate),SI.POV.GINI,..,..,..,..,..,..,..,..,..,..,..,..,..,..,..,..,..,..,..,..,..,..,..,..,..,..,..,..,..,..,..,..,..,..,50.4,..,..,..,..,..,..,39.9,..,..,..,..,38.9,..,..,33,..,..,..,..,..,..,..,..,..
Malta,MLT,GINI index (World Bank estimate),SI.POV.GINI,..,..,..,..,..,..,..,..,..,..,..,..,..,..,..,..,..,..,..,..,..,..,..,..,..,..,..,..,..,..,..,..,..,..,..,..,..,..,..,..,..,..,..,..,..,..,28,29.2,29,30.2,29,29.1,29.4,28.8,29,29.4,..,..,..
Marshall Islands,MHL,GINI index (World Bank estimate),SI.POV.GINI,..,..,..,..,..,..,..,..,..,..,..,..,..,..,..,..,..,..,..,..,..,..,..,..,..,..,..,..,..,..,..,..,..,..,..,..,..,..,..,..,..,..,..,..,..,..,..,..,..,..,..,..,..,..,..,..,..,..,..
Mauritania,MRT,GINI index (World Bank estimate),SI.POV.GINI,..,..,..,..,..,..,..,..,..,..,..,..,..,..,..,..,..,..,..,..,..,..,..,..,..,..,..,43.9,..,..,..,..,..,50.1,..,37.7,..,..,..,..,39,..,..,..,40.2,..,..,..,35.7,..,..,..,..,..,32.6,..,..,..,..
Mauritius,MUS,GINI index (World Bank estimate),SI.POV.GINI,..,..,..,..,..,..,..,..,..,..,..,..,..,..,..,..,..,..,..,..,..,..,..,..,..,..,..,..,..,..,..,..,..,..,..,..,..,..,..,..,..,..,..,..,..,..,35.7,..,..,..,..,..,35.8,..,..,..,..,..,..
Mexico,MEX,GINI index (World Bank estimate),SI.POV.GINI,..,..,..,..,..,..,..,..,..,..,..,..,..,..,..,..,..,..,..,..,..,..,..,..,48.9,..,..,..,..,..,..,..,49.6,..,50.3,..,48.2,..,48.7,..,51.4,..,49,..,48.3,48.9,47.7,..,44.6,..,45.3,..,45.4,..,45.8,..,43.4,..,..
"Micronesia, Fed. Sts.",FSM,GINI index (World Bank estimate),SI.POV.GINI,..,..,..,..,..,..,..,..,..,..,..,..,..,..,..,..,..,..,..,..,..,..,..,..,..,..,..,..,..,..,..,..,..,..,..,..,..,..,..,..,..,..,..,..,..,42.4,..,..,..,..,..,..,..,40.1,..,..,..,..,..
Moldova,MDA,GINI index (World Bank estimate),SI.POV.GINI,..,..,..,..,..,..,..,..,..,..,..,..,..,..,..,..,..,..,..,..,..,..,..,..,..,..,..,..,..,..,..,..,..,..,..,..,..,36.9,39.5,42.6,36.4,38,35.8,34.9,35,36.3,35.4,34.4,34.7,32.9,32.1,30.6,29.2,28.5,26.8,27,26.3,25.9,..
Monaco,MCO,GINI index (World Bank estimate),SI.POV.GINI,..,..,..,..,..,..,..,..,..,..,..,..,..,..,..,..,..,..,..,..,..,..,..,..,..,..,..,..,..,..,..,..,..,..,..,..,..,..,..,..,..,..,..,..,..,..,..,..,..,..,..,..,..,..,..,..,..,..,..
Mongolia,MNG,GINI index (World Bank estimate),SI.POV.GINI,..,..,..,..,..,..,..,..,..,..,..,..,..,..,..,..,..,..,..,..,..,..,..,..,..,..,..,..,..,..,..,..,..,..,..,33.2,..,..,30.3,..,..,..,32.9,..,..,..,..,35.8,..,..,33.1,33.9,33.8,..,32,..,32.3,..,..
Montenegro,MNE,GINI index (World Bank estimate),SI.POV.GINI,..,..,..,..,..,..,..,..,..,..,..,..,..,..,..,..,..,..,..,..,..,..,..,..,..,..,..,..,..,..,..,..,..,..,..,..,..,..,..,..,..,..,..,..,..,30.2,30,31.4,30.5,31,28.9,30.8,32.3,32.4,31.9,..,..,..,..
Morocco,MAR,GINI index (World Bank estimate),SI.POV.GINI,..,..,..,..,..,..,..,..,..,..,..,..,..,..,..,..,..,..,..,..,..,..,..,..,39.2,..,..,..,..,..,39.2,..,..,..,..,..,..,..,39.5,..,40.6,..,..,..,..,..,40.7,..,..,..,..,..,..,39.5,..,..,..,..,..
Mozambique,MOZ,GINI index (World Bank estimate),SI.POV.GINI,..,..,..,..,..,..,..,..,..,..,..,..,..,..,..,..,..,..,..,..,..,..,..,..,..,..,..,..,..,..,..,..,..,..,..,..,53.6,..,..,..,..,..,47,..,..,..,..,..,45.6,..,..,..,..,..,54,..,..,..,..
Myanmar,MMR,GINI index (World Bank estimate),SI.POV.GINI,..,..,..,..,..,..,..,..,..,..,..,..,..,..,..,..,..,..,..,..,..,..,..,..,..,..,..,..,..,..,..,..,..,..,..,..,..,..,..,..,..,..,..,..,..,..,..,..,..,..,..,..,..,..,..,38.1,..,..,..
Namibia,NAM,GINI index (World Bank estimate),SI.POV.GINI,..,..,..,..,..,..,..,..,..,..,..,..,..,..,..,..,..,..,..,..,..,..,..,..,..,..,..,..,..,..,..,..,..,..,..,..,..,..,..,..,..,..,..,63.3,..,..,..,..,..,61,..,..,..,..,..,59.1,..,..,..
Nauru,NRU,GINI index (World Bank estimate),SI.POV.GINI,..,..,..,..,..,..,..,..,..,..,..,..,..,..,..,..,..,..,..,..,..,..,..,..,..,..,..,..,..,..,..,..,..,..,..,..,..,..,..,..,..,..,..,..,..,..,..,..,..,..,..,..,..,..,..,..,..,..,..
Nepal,NPL,GINI index (World Bank estimate),SI.POV.GINI,..,..,..,..,..,..,..,..,..,..,..,..,..,..,..,..,..,..,..,..,..,..,..,..,..,..,..,..,..,..,..,..,..,..,..,35.2,..,..,..,..,..,..,..,43.8,..,..,..,..,..,..,32.8,..,..,..,..,..,..,..,..
Netherlands,NLD,GINI index (World Bank estimate),SI.POV.GINI,..,..,..,..,..,..,..,..,..,..,..,..,..,..,..,..,..,..,..,..,..,..,..,..,..,..,..,..,..,..,..,..,..,..,..,..,..,..,..,..,..,..,..,..,29.8,29,30,29.6,29.3,27.9,27.8,27.7,27.6,28.1,28.6,28.2,..,..,..
New Caledonia,NCL,GINI index (World Bank estimate),SI.POV.GINI,..,..,..,..,..,..,..,..,..,..,..,..,..,..,..,..,..,..,..,..,..,..,..,..,..,..,..,..,..,..,..,..,..,..,..,..,..,..,..,..,..,..,..,..,..,..,..,..,..,..,..,..,..,..,..,..,..,..,..
New Zealand,NZL,GINI index (World Bank estimate),SI.POV.GINI,..,..,..,..,..,..,..,..,..,..,..,..,..,..,..,..,..,..,..,..,..,..,..,..,..,..,..,..,..,..,..,..,..,..,..,..,..,..,..,..,..,..,..,..,..,..,..,..,..,..,..,..,..,..,..,..,..,..,..
Nicaragua,NIC,GINI index (World Bank estimate),SI.POV.GINI,..,..,..,..,..,..,..,..,..,..,..,..,..,..,..,..,..,..,..,..,..,..,..,..,..,..,..,..,..,..,..,..,..,57.4,..,..,..,..,54.4,..,..,52.9,..,..,..,48.8,..,..,..,43.9,..,..,..,..,46.2,..,..,..,..
Niger,NER,GINI index (World Bank estimate),SI.POV.GINI,..,..,..,..,..,..,..,..,..,..,..,..,..,..,..,..,..,..,..,..,..,..,..,..,..,..,..,..,..,..,..,..,36.1,..,41.5,..,..,..,..,..,..,..,..,..,..,44.4,..,37.3,..,..,..,31.5,..,..,34.3,..,..,..,..
Nigeria,NGA,GINI index (World Bank estimate),SI.POV.GINI,..,..,..,..,..,..,..,..,..,..,..,..,..,..,..,..,..,..,..,..,..,..,..,..,..,38.7,..,..,..,..,..,..,45,..,..,..,51.9,..,..,..,..,..,..,40.1,..,..,..,..,..,43,..,..,..,..,..,..,..,..,..
North Macedonia,MKD,GINI index (World Bank estimate),SI.POV.GINI,..,..,..,..,..,..,..,..,..,..,..,..,..,..,..,..,..,..,..,..,..,..,..,..,..,..,..,..,..,..,..,..,..,..,..,..,..,..,..,..,..,..,..,..,..,..,..,..,..,42.8,40.2,39.4,38.1,36.2,35.2,35.6,..,..,..
Northern Mariana Islands,MNP,GINI index (World Bank estimate),SI.POV.GINI,..,..,..,..,..,..,..,..,..,..,..,..,..,..,..,..,..,..,..,..,..,..,..,..,..,..,..,..,..,..,..,..,..,..,..,..,..,..,..,..,..,..,..,..,..,..,..,..,..,..,..,..,..,..,..,..,..,..,..
Norway,NOR,GINI index (World Bank estimate),SI.POV.GINI,..,..,..,..,..,..,..,..,..,..,..,..,..,..,..,..,..,..,..,..,..,..,..,..,..,..,..,..,..,..,..,..,..,..,..,..,..,..,..,..,..,..,..,27.6,31.6,30.6,26.4,27.1,27,26.2,25.7,25.3,25.7,26.4,26.8,27.5,..,..,..
Oman,OMN,GINI index (World Bank estimate),SI.POV.GINI,..,..,..,..,..,..,..,..,..,..,..,..,..,..,..,..,..,..,..,..,..,..,..,..,..,..,..,..,..,..,..,..,..,..,..,..,..,..,..,..,..,..,..,..,..,..,..,..,..,..,..,..,..,..,..,..,..,..,..
Pakistan,PAK,GINI index (World Bank estimate),SI.POV.GINI,..,..,..,..,..,..,..,..,..,..,..,..,..,..,..,..,..,..,..,..,..,..,..,..,..,..,..,33.3,..,..,33.2,..,..,..,..,..,28.7,..,33.1,..,..,30.4,..,..,32.5,32.7,..,31.6,..,..,29.8,30.9,..,30.7,..,33.5,..,..,..
Palau,PLW,GINI index (World Bank estimate),SI.POV.GINI,..,..,..,..,..,..,..,..,..,..,..,..,..,..,..,..,..,..,..,..,..,..,..,..,..,..,..,..,..,..,..,..,..,..,..,..,..,..,..,..,..,..,..,..,..,..,..,..,..,..,..,..,..,..,..,..,..,..,..
Panama,PAN,GINI index (World Bank estimate),SI.POV.GINI,..,..,..,..,..,..,..,..,..,..,..,..,..,..,..,..,..,..,..,48.7,..,..,..,..,..,..,..,..,..,58.9,..,58.2,..,..,..,57.8,..,58.2,57.5,56.5,56.8,56.9,56.2,55.8,54.8,53.8,54.6,52.7,52.7,51.8,51.6,51.3,51.7,51.5,50.5,50.8,50.4,49.9,..
Papua New Guinea,PNG,GINI index (World Bank estimate),SI.POV.GINI,..,..,..,..,..,..,..,..,..,..,..,..,..,..,..,..,..,..,..,..,..,..,..,..,..,..,..,..,..,..,..,..,..,..,..,..,55.4,..,..,..,..,..,..,..,..,..,..,..,..,41.9,..,..,..,..,..,..,..,..,..
Paraguay,PRY,GINI index (World Bank estimate),SI.POV.GINI,..,..,..,..,..,..,..,..,..,..,..,..,..,..,..,..,..,..,..,..,..,..,..,..,..,..,..,..,..,..,40.8,..,..,..,..,58.2,..,54.9,..,54.6,..,54.6,57.3,54.9,52.3,51.4,53,53,50.7,49.1,51,52.3,47.6,47.9,50.7,47.6,47.9,48.8,..
Peru,PER,GINI index (World Bank estimate),SI.POV.GINI,..,..,..,..,..,..,..,..,..,..,..,..,..,..,..,..,..,..,..,..,..,..,..,..,..,..,..,..,..,..,..,..,..,..,..,..,..,53.7,56.1,56.3,49.1,51.3,53.6,53.1,49.9,50.4,50.3,50,47.5,47,45.5,44.7,44.4,43.9,43.2,43.4,43.6,43.3,..
Philippines,PHL,GINI index (World Bank estimate),SI.POV.GINI,..,..,..,..,..,..,..,..,..,..,..,..,..,..,..,..,..,..,..,..,..,..,..,..,..,41,..,..,40.7,..,..,43.8,..,..,42.9,..,..,46,..,..,42.8,..,..,41.5,..,..,42.9,..,..,41.8,..,..,42.2,..,..,40.1,..,..,..
Poland,POL,GINI index (World Bank estimate),SI.POV.GINI,..,..,..,..,..,..,..,..,..,..,..,..,..,..,..,..,..,..,..,..,..,..,..,..,..,..,..,..,..,..,..,..,..,26.7,..,..,32.7,..,32.3,32.6,33,32.8,34.1,34.9,35.4,34.5,33.7,33.5,33.7,33.6,33.2,32.8,32.4,32.5,32.1,31.8,30.8,..,..
Portugal,PRT,GINI index (World Bank estimate),SI.POV.GINI,..,..,..,..,..,..,..,..,..,..,..,..,..,..,..,..,..,..,..,..,..,..,..,..,..,..,..,..,..,..,..,..,..,..,..,..,..,..,..,..,..,..,..,38.7,38.9,38.5,38.1,36.7,36.6,34.9,35.8,36.3,36,36.2,35.6,35.5,..,..,..
Puerto Rico,PRI,GINI index (World Bank estimate),SI.POV.GINI,..,..,..,..,..,..,..,..,..,..,..,..,..,..,..,..,..,..,..,..,..,..,..,..,..,..,..,..,..,..,..,..,..,..,..,..,..,..,..,..,..,..,..,..,..,..,..,..,..,..,..,..,..,..,..,..,..,..,..
Qatar,QAT,GINI index (World Bank estimate),SI.POV.GINI,..,..,..,..,..,..,..,..,..,..,..,..,..,..,..,..,..,..,..,..,..,..,..,..,..,..,..,..,..,..,..,..,..,..,..,..,..,..,..,..,..,..,..,..,..,..,..,..,..,..,..,..,..,..,..,..,..,..,..
Romania,ROU,GINI index (World Bank estimate),SI.POV.GINI,..,..,..,..,..,..,..,..,..,..,..,..,..,..,..,..,..,..,..,..,..,..,..,..,..,..,..,..,..,23.3,..,..,25.5,..,28.2,..,..,..,..,..,..,..,..,..,..,..,39.6,37.5,36.4,35.6,35.5,35.9,36.5,36.9,36,35.9,..,..,..
Russian Federation,RUS,GINI index (World Bank estimate),SI.POV.GINI,..,..,..,..,..,..,..,..,..,..,..,..,..,..,..,..,..,..,..,..,..,..,..,..,..,..,..,..,..,..,..,..,..,48.4,..,..,46.1,38.4,38.1,37.4,37.1,36.9,37.3,40,40.3,41.3,41,42.3,41.6,39.8,39.5,39.7,40.7,40.9,39.9,37.7,..,..,..
Rwanda,RWA,GINI index (World Bank estimate),SI.POV.GINI,..,..,..,..,..,..,..,..,..,..,..,..,..,..,..,..,..,..,..,..,..,..,..,..,28.9,..,..,..,..,..,..,..,..,..,..,..,..,..,..,..,48.5,..,..,..,..,52,..,..,..,..,47.2,..,..,45.1,..,..,43.7,..,..
Samoa,WSM,GINI index (World Bank estimate),SI.POV.GINI,..,..,..,..,..,..,..,..,..,..,..,..,..,..,..,..,..,..,..,..,..,..,..,..,..,..,..,..,..,..,..,..,..,..,..,..,..,..,..,..,..,..,40.7,..,..,..,..,..,42,..,..,..,..,38.7,..,..,..,..,..
San Marino,SMR,GINI index (World Bank estimate),SI.POV.GINI,..,..,..,..,..,..,..,..,..,..,..,..,..,..,..,..,..,..,..,..,..,..,..,..,..,..,..,..,..,..,..,..,..,..,..,..,..,..,..,..,..,..,..,..,..,..,..,..,..,..,..,..,..,..,..,..,..,..,..
Sao Tome and Principe,STP,GINI index (World Bank estimate),SI.POV.GINI,..,..,..,..,..,..,..,..,..,..,..,..,..,..,..,..,..,..,..,..,..,..,..,..,..,..,..,..,..,..,..,..,..,..,..,..,..,..,..,..,32.1,..,..,..,..,..,..,..,..,..,30.8,..,..,..,..,..,..,..,..
Saudi Arabia,SAU,GINI index (World Bank estimate),SI.POV.GINI,..,..,..,..,..,..,..,..,..,..,..,..,..,..,..,..,..,..,..,..,..,..,..,..,..,..,..,..,..,..,..,..,..,..,..,..,..,..,..,..,..,..,..,..,..,..,..,..,..,..,..,..,..,..,..,..,..,..,..
Senegal,SEN,GINI index (World Bank estimate),SI.POV.GINI,..,..,..,..,..,..,..,..,..,..,..,..,..,..,..,..,..,..,..,..,..,..,..,..,..,..,..,..,..,..,..,54.1,..,..,41.4,..,..,..,..,..,..,41.2,..,..,..,39.2,..,..,..,..,..,40.3,..,..,..,..,..,..,..
Serbia,SRB,GINI index (World Bank estimate),SI.POV.GINI,..,..,..,..,..,..,..,..,..,..,..,..,..,..,..,..,..,..,..,..,..,..,..,..,..,..,..,..,..,..,..,..,..,..,..,..,..,..,..,..,..,..,32,32.8,35.5,36.5,29.7,28.7,27.6,28,29,..,..,29,..,28.5,..,..,..
Seychelles,SYC,GINI index (World Bank estimate),SI.POV.GINI,..,..,..,..,..,..,..,..,..,..,..,..,..,..,..,..,..,..,..,..,..,..,..,..,..,..,..,..,..,..,..,..,..,..,..,..,..,..,..,..,..,..,..,..,..,..,..,..,..,..,..,..,..,46.8,..,..,..,..,..
Sierra Leone,SLE,GINI index (World Bank estimate),SI.POV.GINI,..,..,..,..,..,..,..,..,..,..,..,..,..,..,..,..,..,..,..,..,..,..,..,..,..,..,..,..,..,..,..,..,..,..,..,..,..,..,..,..,..,..,..,40.2,..,..,..,..,..,..,..,34,..,..,..,..,..,..,..
Singapore,SGP,GINI index (World Bank estimate),SI.POV.GINI,..,..,..,..,..,..,..,..,..,..,..,..,..,..,..,..,..,..,..,..,..,..,..,..,..,..,..,..,..,..,..,..,..,..,..,..,..,..,..,..,..,..,..,..,..,..,..,..,..,..,..,..,..,..,..,..,..,..,..
Sint Maarten (Dutch part),SXM,GINI index (World Bank estimate),SI.POV.GINI,..,..,..,..,..,..,..,..,..,..,..,..,..,..,..,..,..,..,..,..,..,..,..,..,..,..,..,..,..,..,..,..,..,..,..,..,..,..,..,..,..,..,..,..,..,..,..,..,..,..,..,..,..,..,..,..,..,..,..
Slovak Republic,SVK,GINI index (World Bank estimate),SI.POV.GINI,..,..,..,..,..,..,..,..,..,..,..,..,..,..,..,..,..,..,..,..,..,..,..,..,..,..,..,..,..,..,..,..,..,..,..,..,25.8,..,..,..,..,..,..,..,27.1,29.3,25.8,24.7,26,27.2,27.3,26.5,26.1,28.1,26.1,26.5,..,..,..
Slovenia,SVN,GINI index (World Bank estimate),SI.POV.GINI,..,..,..,..,..,..,..,..,..,..,..,..,..,..,..,..,..,..,..,..,..,..,..,..,..,..,..,..,..,..,..,..,..,29.2,..,..,..,..,..,..,..,..,..,..,24.8,24.6,24.4,24.4,23.7,24.8,24.9,24.9,25.6,26.2,25.7,25.4,..,..,..
Solomon Islands,SLB,GINI index (World Bank estimate),SI.POV.GINI,..,..,..,..,..,..,..,..,..,..,..,..,..,..,..,..,..,..,..,..,..,..,..,..,..,..,..,..,..,..,..,..,..,..,..,..,..,..,..,..,..,..,..,..,..,46.1,..,..,..,..,..,..,..,37.1,..,..,..,..,..
Somalia,SOM,GINI index (World Bank estimate),SI.POV.GINI,..,..,..,..,..,..,..,..,..,..,..,..,..,..,..,..,..,..,..,..,..,..,..,..,..,..,..,..,..,..,..,..,..,..,..,..,..,..,..,..,..,..,..,..,..,..,..,..,..,..,..,..,..,..,..,..,..,..,..
South Africa,ZAF,GINI index (World Bank estimate),SI.POV.GINI,..,..,..,..,..,..,..,..,..,..,..,..,..,..,..,..,..,..,..,..,..,..,..,..,..,..,..,..,..,..,..,..,..,59.3,..,..,60.7,..,..,..,57.8,..,..,..,..,64.8,..,..,63,..,63.4,..,..,..,63,..,..,..,..
South Sudan,SSD,GINI index (World Bank estimate),SI.POV.GINI,..,..,..,..,..,..,..,..,..,..,..,..,..,..,..,..,..,..,..,..,..,..,..,..,..,..,..,..,..,..,..,..,..,..,..,..,..,..,..,..,..,..,..,..,..,..,..,..,..,46.3,..,..,..,..,..,..,..,..,..
Spain,ESP,GINI index (World Bank estimate),SI.POV.GINI,..,..,..,..,..,..,..,..,..,..,..,..,..,..,..,..,..,..,..,..,..,..,..,..,..,..,..,..,..,..,..,..,..,..,..,..,..,..,..,..,..,..,..,31.8,33.3,32.4,33.5,34.1,34.2,34.9,35.2,35.7,35.4,36.2,36.1,36.2,..,..,..
Sri Lanka,LKA,GINI index (World Bank estimate),SI.POV.GINI,..,..,..,..,..,..,..,..,..,..,..,..,..,..,..,..,..,..,..,..,..,..,..,..,..,32.5,..,..,..,..,32.4,..,..,..,..,35.4,..,..,..,..,..,..,41,..,..,..,40.3,..,..,36.4,..,..,39.2,..,..,..,39.8,..,..
St. Kitts and Nevis,KNA,GINI index (World Bank estimate),SI.POV.GINI,..,..,..,..,..,..,..,..,..,..,..,..,..,..,..,..,..,..,..,..,..,..,..,..,..,..,..,..,..,..,..,..,..,..,..,..,..,..,..,..,..,..,..,..,..,..,..,..,..,..,..,..,..,..,..,..,..,..,..
St. Lucia,LCA,GINI index (World Bank estimate),SI.POV.GINI,..,..,..,..,..,..,..,..,..,..,..,..,..,..,..,..,..,..,..,..,..,..,..,..,..,..,..,..,..,..,..,..,..,..,..,42.6,..,..,..,..,..,..,..,..,..,..,..,..,..,..,..,..,..,..,..,..,51.2,..,..
St. Martin (French part),MAF,GINI index (World Bank estimate),SI.POV.GINI,..,..,..,..,..,..,..,..,..,..,..,..,..,..,..,..,..,..,..,..,..,..,..,..,..,..,..,..,..,..,..,..,..,..,..,..,..,..,..,..,..,..,..,..,..,..,..,..,..,..,..,..,..,..,..,..,..,..,..
St. Vincent and the Grenadines,VCT,GINI index (World Bank estimate),SI.POV.GINI,..,..,..,..,..,..,..,..,..,..,..,..,..,..,..,..,..,..,..,..,..,..,..,..,..,..,..,..,..,..,..,..,..,..,..,..,..,..,..,..,..,..,..,..,..,..,..,..,..,..,..,..,..,..,..,..,..,..,..
Sudan,SDN,GINI index (World Bank estimate),SI.POV.GINI,..,..,..,..,..,..,..,..,..,..,..,..,..,..,..,..,..,..,..,..,..,..,..,..,..,..,..,..,..,..,..,..,..,..,..,..,..,..,..,..,..,..,..,..,..,..,..,..,..,35.4,..,..,..,..,..,..,..,..,..
Suriname,SUR,GINI index (World Bank estimate),SI.POV.GINI,..,..,..,..,..,..,..,..,..,..,..,..,..,..,..,..,..,..,..,..,..,..,..,..,..,..,..,..,..,..,..,..,..,..,..,..,..,..,..,57.6,..,..,..,..,..,..,..,..,..,..,..,..,..,..,..,..,..,..,..
Sweden,SWE,GINI index (World Bank estimate),SI.POV.GINI,..,..,..,..,..,..,..,..,..,..,..,..,..,..,..,..,..,..,..,..,..,..,..,..,..,..,..,..,..,..,..,..,..,..,..,..,..,..,..,..,..,..,..,25.3,26.1,26.8,26.4,27.1,28.1,27.3,27.7,27.6,27.6,28.8,28.4,29.2,..,..,..
Switzerland,CHE,GINI index (World Bank estimate),SI.POV.GINI,..,..,..,..,..,..,..,..,..,..,..,..,..,..,..,..,..,..,..,..,..,..,..,..,..,..,..,..,..,..,..,..,..,..,..,..,..,..,..,..,..,..,..,..,..,..,33.9,34.3,33.8,32.9,32.6,31.7,31.6,32.5,32.5,32.3,..,..,..
Syrian Arab Republic,SYR,GINI index (World Bank estimate),SI.POV.GINI,..,..,..,..,..,..,..,..,..,..,..,..,..,..,..,..,..,..,..,..,..,..,..,..,..,..,..,..,..,..,..,..,..,..,..,..,..,..,..,..,..,..,..,..,35.8,..,..,..,..,..,..,..,..,..,..,..,..,..,..
Tajikistan,TJK,GINI index (World Bank estimate),SI.POV.GINI,..,..,..,..,..,..,..,..,..,..,..,..,..,..,..,..,..,..,..,..,..,..,..,..,..,..,..,..,..,..,..,..,..,..,..,..,..,..,..,29.5,..,..,..,32.7,33.6,..,..,32.2,..,30.8,..,..,..,..,..,34,..,..,..
Tanzania,TZA,GINI index (World Bank estimate),SI.POV.GINI,..,..,..,..,..,..,..,..,..,..,..,..,..,..,..,..,..,..,..,..,..,..,..,..,..,..,..,..,..,..,..,35.3,..,..,..,..,..,..,..,..,37.3,..,..,..,..,..,..,40.3,..,..,..,37.8,..,..,..,..,..,..,..
Thailand,THA,GINI index (World Bank estimate),SI.POV.GINI,..,..,..,..,..,..,..,..,..,..,..,..,..,..,..,..,..,..,..,..,..,45.2,..,..,..,..,..,..,43.8,..,45.3,..,47.9,..,43.5,..,42.9,..,41.5,43.1,42.8,..,41.9,..,42.5,..,41.8,39.8,40.3,39.6,39.4,37.5,39.3,37.8,37,36,36.9,36.5,..
Timor-Leste,TLS,GINI index (World Bank estimate),SI.POV.GINI,..,..,..,..,..,..,..,..,..,..,..,..,..,..,..,..,..,..,..,..,..,..,..,..,..,..,..,..,..,..,..,..,..,..,..,..,..,..,..,..,..,35.9,..,..,..,..,..,27.8,..,..,..,..,..,..,28.7,..,..,..,..
Togo,TGO,GINI index (World Bank estimate),SI.POV.GINI,..,..,..,..,..,..,..,..,..,..,..,..,..,..,..,..,..,..,..,..,..,..,..,..,..,..,..,..,..,..,..,..,..,..,..,..,..,..,..,..,..,..,..,..,..,..,42.2,..,..,..,..,46,..,..,..,43.1,..,..,..
Tonga,TON,GINI index (World Bank estimate),SI.POV.GINI,..,..,..,..,..,..,..,..,..,..,..,..,..,..,..,..,..,..,..,..,..,..,..,..,..,..,..,..,..,..,..,..,..,..,..,..,..,..,..,..,..,37.7,..,..,..,..,..,..,..,37.5,..,..,..,..,..,37.6,..,..,..
Trinidad and Tobago,TTO,GINI index (World Bank estimate),SI.POV.GINI,..,..,..,..,..,..,..,..,..,..,..,..,..,..,..,..,..,..,..,..,..,..,..,..,..,..,..,..,42.6,..,..,..,40.3,..,..,..,..,..,..,..,..,..,..,..,..,..,..,..,..,..,..,..,..,..,..,..,..,..,..
Tunisia,TUN,GINI index (World Bank estimate),SI.POV.GINI,..,..,..,..,..,..,..,..,..,..,..,..,..,..,..,..,..,..,..,..,..,..,..,..,..,43.4,..,..,..,..,40.2,..,..,..,..,41.7,..,..,..,..,40.8,..,..,..,..,37.7,..,..,..,..,35.8,..,..,..,..,32.8,..,..,..
Turkey,TUR,GINI index (World Bank estimate),SI.POV.GINI,..,..,..,..,..,..,..,..,..,..,..,..,..,..,..,..,..,..,..,..,..,..,..,..,..,..,..,43.5,..,..,..,..,..,..,41.3,..,..,..,..,..,..,..,41.4,42.2,41.3,42.6,39.6,38.4,39,39,38.8,40,40.2,40.2,41.2,42.9,41.9,..,..
Turkmenistan,TKM,GINI index (World Bank estimate),SI.POV.GINI,..,..,..,..,..,..,..,..,..,..,..,..,..,..,..,..,..,..,..,..,..,..,..,..,..,..,..,..,..,..,..,..,..,..,..,..,..,..,40.8,..,..,..,..,..,..,..,..,..,..,..,..,..,..,..,..,..,..,..,..
Turks and Caicos Islands,TCA,GINI index (World Bank estimate),SI.POV.GINI,..,..,..,..,..,..,..,..,..,..,..,..,..,..,..,..,..,..,..,..,..,..,..,..,..,..,..,..,..,..,..,..,..,..,..,..,..,..,..,..,..,..,..,..,..,..,..,..,..,..,..,..,..,..,..,..,..,..,..
Tuvalu,TUV,GINI index (World Bank estimate),SI.POV.GINI,..,..,..,..,..,..,..,..,..,..,..,..,..,..,..,..,..,..,..,..,..,..,..,..,..,..,..,..,..,..,..,..,..,..,..,..,..,..,..,..,..,..,..,..,..,..,..,..,..,..,39.1,..,..,..,..,..,..,..,..
Uganda,UGA,GINI index (World Bank estimate),SI.POV.GINI,..,..,..,..,..,..,..,..,..,..,..,..,..,..,..,..,..,..,..,..,..,..,..,..,..,..,..,..,..,44.4,..,..,41.4,..,..,..,39,..,..,43,..,..,45.2,..,..,42.9,..,..,..,44.2,..,..,41,..,..,..,42.8,..,..
Ukraine,UKR,GINI index (World Bank estimate),SI.POV.GINI,..,..,..,..,..,..,..,..,..,..,..,..,..,..,..,..,..,..,..,..,..,..,..,..,..,..,..,..,..,..,..,..,29.7,28.9,..,39.3,35.2,..,..,..,..,..,29,28.7,28.9,29,29.8,27,26.6,25.3,24.8,24.6,24.7,24.6,24,25.5,25,..,..
United Arab Emirates,ARE,GINI index (World Bank estimate),SI.POV.GINI,..,..,..,..,..,..,..,..,..,..,..,..,..,..,..,..,..,..,..,..,..,..,..,..,..,..,..,..,..,..,..,..,..,..,..,..,..,..,..,..,..,..,..,..,..,..,..,..,..,..,..,..,..,..,..,..,..,..,..
United Kingdom,GBR,GINI index (World Bank estimate),SI.POV.GINI,..,..,..,..,..,..,..,..,..,..,..,..,..,..,..,..,..,..,..,..,..,..,..,..,..,..,..,..,..,..,..,..,..,..,..,..,..,..,..,..,..,..,..,..,36,34.3,34.6,35.7,34.1,34.3,34.4,33.2,32.3,33.2,34,33.2,..,..,..
United States,USA,GINI index (World Bank estimate),SI.POV.GINI,..,..,..,..,..,..,..,..,..,..,..,..,..,..,..,..,..,..,..,34.6,..,..,..,..,..,..,37.5,..,..,..,..,38.2,..,..,40.2,..,..,40.8,..,..,40.4,..,..,..,40.5,..,..,41.1,..,..,40.4,..,..,41,..,..,41.5,..,..
Uruguay,URY,GINI index (World Bank estimate),SI.POV.GINI,..,..,..,..,..,..,..,..,..,..,..,..,..,..,..,..,..,..,..,..,..,43.6,..,..,..,..,..,..,..,42.4,..,..,..,..,..,..,..,..,..,..,..,..,..,..,..,..,45.9,46.4,45.1,45.6,44.5,42.2,39.9,40.5,40.1,40.2,39.7,39.5,..
Uzbekistan,UZB,GINI index (World Bank estimate),SI.POV.GINI,..,..,..,..,..,..,..,..,..,..,..,..,..,..,..,..,..,..,..,..,..,..,..,..,..,..,..,..,..,..,..,..,..,..,..,..,..,..,44.7,..,36.1,..,33,35.3,..,..,..,..,..,..,..,..,..,..,..,..,..,..,..
Vanuatu,VUT,GINI index (World Bank estimate),SI.POV.GINI,..,..,..,..,..,..,..,..,..,..,..,..,..,..,..,..,..,..,..,..,..,..,..,..,..,..,..,..,..,..,..,..,..,..,..,..,..,..,..,..,..,..,..,..,..,..,..,..,..,..,37.6,..,..,..,..,..,..,..,..
"Venezuela, RB",VEN,GINI index (World Bank estimate),SI.POV.GINI,..,..,..,..,..,..,..,..,..,..,..,..,..,..,..,..,..,..,..,..,..,55.6,..,..,..,..,..,53.4,..,45.3,..,..,42.5,..,..,47.8,..,..,49.8,48.3,..,48.2,50.6,50.4,49.8,52.4,46.9,..,..,..,..,..,..,..,..,..,..,..,..
Vietnam,VNM,GINI index (World Bank estimate),SI.POV.GINI,..,..,..,..,..,..,..,..,..,..,..,..,..,..,..,..,..,..,..,..,..,..,..,..,..,..,..,..,..,..,..,..,35.7,..,..,..,..,..,35.4,..,..,..,37,..,36.8,..,35.8,..,35.6,..,39.3,..,35.6,..,34.8,..,35.3,..,..
Virgin Islands (U.S.),VIR,GINI index (World Bank estimate),SI.POV.GINI,..,..,..,..,..,..,..,..,..,..,..,..,..,..,..,..,..,..,..,..,..,..,..,..,..,..,..,..,..,..,..,..,..,..,..,..,..,..,..,..,..,..,..,..,..,..,..,..,..,..,..,..,..,..,..,..,..,..,..
West Bank and Gaza,PSE,GINI index (World Bank estimate),SI.POV.GINI,..,..,..,..,..,..,..,..,..,..,..,..,..,..,..,..,..,..,..,..,..,..,..,..,..,..,..,..,..,..,..,..,..,..,..,..,..,..,..,..,..,..,..,..,34,34.7,34,35.6,..,34.5,35.3,34.4,..,..,..,..,33.7,..,..
"Yemen, Rep.",YEM,GINI index (World Bank estimate),SI.POV.GINI,..,..,..,..,..,..,..,..,..,..,..,..,..,..,..,..,..,..,..,..,..,..,..,..,..,..,..,..,..,..,..,..,..,..,..,..,..,..,35,..,..,..,..,..,..,34.7,..,..,..,..,..,..,..,..,36.7,..,..,..,..
Zambia,ZMB,GINI index (World Bank estimate),SI.POV.GINI,..,..,..,..,..,..,..,..,..,..,..,..,..,..,..,..,..,..,..,..,..,..,..,..,..,..,..,..,..,..,..,60.5,..,52.6,..,..,48.3,..,49.1,..,..,..,42.1,..,54.3,..,54.6,..,..,..,55.6,..,..,..,..,57.1,..,..,..
Zimbabwe,ZWE,GINI index (World Bank estimate),SI.POV.GINI,..,..,..,..,..,..,..,..,..,..,..,..,..,..,..,..,..,..,..,..,..,..,..,..,..,..,..,..,..,..,..,..,..,..,..,..,..,..,..,..,..,..,..,..,..,..,..,..,..,..,..,43.2,..,..,..,..,..,..,..
